<?xml version="1.0" encoding="UTF-8"?>
<refentry version="5.0-subset Scilab" xmlns="http://docbook.org/ns/docbook"
          xmlns:xlink="http://www.w3.org/1999/xlink"
          xmlns:xi="http://www.w3.org/2001/XInclude"
          xmlns:svg="http://www.w3.org/2000/svg"
          xmlns:mml="http://www.w3.org/1998/Math/MathML"
          xmlns:html="http://www.w3.org/1999/xhtml"
          xmlns:db="http://docbook.org/ns/docbook">
  <refnamediv xml:id="AnalyzeBlobs">
    <refname>AnalyzeBlobs</refname>

    <refpurpose>はブロブの特徴を計算する</refpurpose>
  </refnamediv>

  <refsynopsisdiv>
    <title>呼び出し</title>

    <synopsis>BlobStatistics = AnalyzeBlobs(BlobImage, IsCalculated);</synopsis>
  </refsynopsisdiv>

  <refsection>
    <title>引数</title>

    <variablelist>
      <varlistentry>
        <term>BlobImage</term>

        <listitem>
          <para>SearchBlobs又はFilterBySizeで生成された2次元の行列で、型はint32又はuint32である</para>
        </listitem>
      </varlistentry>

      <varlistentry>
        <term>IsCalculated</term>

        <listitem>
          <para>特徴は計算されるかどうかを指定する構造体である。この構造体は以下のbooleanの構成要素を含む：</para>

          <itemizedlist>
            <listitem>
              <para>BoundingBox: 構成要素４つのベクトル、[upper left column; upper left
              row; witdth; height]</para>
            </listitem>

            <listitem>
              <para>Centroid: 構成要素２つのベクトル、 [center_column, center_row]</para>
            </listitem>

            <listitem>
              <para>PixelIndexList: ボルブに所属する画素のインデックスを含むベクトル</para>
            </listitem>

            <listitem>
              <para>PixelList: 列2つがある行列である。1つ目の列は画素の列を含んで、2つ目の列は画素の行を含む</para>
            </listitem>
          </itemizedlist>
        </listitem>
      </varlistentry>

      <varlistentry>
        <term>BlobStatistics</term>

        <listitem>
          <para>リストで、項目の数は画像におけるブロブの数と同じである。各項目は構造体を含んで、構造体の項目の名前は%t値であるIsCalculatedの項目と同じである。</para>
        </listitem>
      </varlistentry>
    </variablelist>
  </refsection>

  <refsection>
    <title>説明</title>

    <para>本関数はボルブの特徴を計算する。</para>
  </refsection>

  <refsection>
    <title>例</title>

    <programlisting role="example">global IPD_PATH;

RGB = ReadImage(IPD_PATH + 'demos\teaset.png');

Image = RGB2Gray(RGB);

ThresholdedImage = SegmentByThreshold(Image, 200);

BlobImage = SearchBlobs(ThresholdedImage);

FilteredBlobImage = FilterBySize(BlobImage, 100); // Small objects are removed.

IsCalculated = CreateFeatureStruct(%f); // Feature struct is generated.

IsCalculated.BoundingBox = %t; // The bounding box shall be calculated for each blob.

BlobStatistics = AnalyzeBlobs(FilteredBlobImage, IsCalculated);</programlisting>
  </refsection>

  <refsection>
    <title>参考</title>

    <simplelist type="inline">
      <member><link linkend="SearchBlobs">SearchBlobs</link></member>

      <member><link linkend="FilterBySize">FilterBySize</link></member>

      <member><link
      linkend="CreateFeatureStruct">CreateFeatureStruct</link></member>

      <member><link
      linkend="CreateSizeHistogram">CreateSizeHistogram</link></member>

      <member><link
      linkend="CumulateSizeHistogram">CumulateSizeHistogram</link></member>

      <member><link
      linkend="CreatePixelIndexList">CreatePixelIndexList</link></member>
    </simplelist>
  </refsection>
</refentry>
