<?xml version="1.0" encoding="UTF-8"?>
<refentry version="5.0-subset Scilab" xmlns="http://docbook.org/ns/docbook"
          xmlns:xlink="http://www.w3.org/1999/xlink"
          xmlns:xi="http://www.w3.org/2001/XInclude"
          xmlns:svg="http://www.w3.org/2000/svg"
          xmlns:mml="http://www.w3.org/1998/Math/MathML"
          xmlns:html="http://www.w3.org/1999/xhtml"
          xmlns:db="http://docbook.org/ns/docbook">
  <refnamediv xml:id="CalculateTextureEnergy">
    <refname>CalculateTextureEnergy</refname>

    <refpurpose>はLawsの方法を用いてテクスチャのエネルギーを計算する</refpurpose>
  </refnamediv>

  <refsynopsisdiv>
    <title>呼び出し</title>

    <synopsis>TextureImage = CalculateTextureEnergy(Image, FilterType);</synopsis>
  </refsynopsisdiv>

  <refsection>
    <title>引数</title>

    <variablelist>
      <varlistentry>
        <term>Image</term>

        <listitem>
          <para>2次元の行列で、型はuint8、uint16、uint32又はdoubleである</para>
        </listitem>
      </varlistentry>

      <varlistentry>
        <term>FilterType</term>

        <listitem>
          <para>定数で、可能のある値はTEXTURE_EDGE_EDGE、TEXTURE_EDGE_LEVEL、
          TEXTURE_EDGE_RIPPLE、TEXTURE_EDGE_SPOT、TEXTURE_LEVEL_RIPPLE、TEXTURE_LEVEL_SPOT、TEXTURE_RIPPLE_RIPPLE、TEXTURE_RIPPLE_SPOT及びTEXTURE_SPOT_SPOTである</para>
        </listitem>
      </varlistentry>

      <varlistentry>
        <term>TextureImage</term>

        <listitem>
          <para>2次元の行列で、型はdoubleで、次元はImageと同じである</para>
        </listitem>
      </varlistentry>
    </variablelist>
  </refsection>

  <refsection>
    <title>説明</title>

    <para>本関数はLawsの方法を用いてテクスチャのエネルギーを計算する。</para>
  </refsection>

  <refsection>
    <title>例</title>

    <programlisting role="example">global IPD_PATH;

global TEXTURE_EDGE_LEVEL;

RGB = ReadImage(IPD_PATH + 'demos\teaset.png');

Image = RGB2Gray(RGB);

global TEXTURE_EDGE_LEVEL;

TextureImage = CalculateTextureEnergy(Image, TEXTURE_EDGE_LEVEL);

figure(); ShowImage(TextureImage, 'Texture Image', jetcolormap(max(TextureImage)));</programlisting>
  </refsection>

  <refsection>
    <title>参考</title>

    <simplelist type="inline">
      <member><link linkend="SeparableFilter">SeparableFilter</link></member>
    </simplelist>
  </refsection>
</refentry>
