<?xml version="1.0" encoding="UTF-8"?>
<refentry version="5.0-subset Scilab" xmlns="http://docbook.org/ns/docbook"
          xmlns:xlink="http://www.w3.org/1999/xlink"
          xmlns:xi="http://www.w3.org/2001/XInclude"
          xmlns:svg="http://www.w3.org/2000/svg"
          xmlns:mml="http://www.w3.org/1998/Math/MathML"
          xmlns:html="http://www.w3.org/1999/xhtml"
          xmlns:db="http://docbook.org/ns/docbook">
  <refnamediv xml:id="ComputeChannelVariance">
    <refname>ComputeChannelVariance</refname>

    <refpurpose>は各画素の近傍におけるグレイ値における変動を計算する</refpurpose>
  </refnamediv>

  <refsynopsisdiv>
    <title>呼び出し</title>

    <synopsis>ChannelVariance = ComputeChannelVariance(MultiChannelImage, FilterSize);</synopsis>
  </refsynopsisdiv>

  <refsection>
    <title>引数</title>

    <variablelist>
      <varlistentry>
        <term>MultiChannelImage</term>

        <listitem>
          <para>3次元の行列で、型はdoubleである</para>
        </listitem>
      </varlistentry>

      <varlistentry>
        <term>FilterSize</term>

        <listitem>
          <para>構成要素2つになるベクトルで、1つ目はフィルタの行の数を指定して、2目は列の数を指定する</para>
        </listitem>
      </varlistentry>

      <varlistentry>
        <term>ChannelVariance</term>

        <listitem>
          <para>行列で、次元と型はMultiChannelImageと同じである</para>
        </listitem>
      </varlistentry>
    </variablelist>
  </refsection>

  <refsection>
    <title>説明</title>

    <para>本関数は各画素の近傍におけるグレイ値における変動を計算する。</para>
  </refsection>

  <refsection>
    <title>例</title>

    <programlisting role="example">global WAVELET_DAUBECHIES_2;

global IPD_PATH;

RGB = ReadImage(IPD_PATH + 'demos\small_teaset.png');

Image = RGB2Gray(RGB);

ListOfWaveletImages = CreateWaveletFrames(Image, WAVELET_DAUBECHIES_2, 3);

ChannelVariance = ComputeChannelVariance(ListOfWaveletImages, [9 9]);
</programlisting>
  </refsection>

  <refsection>
    <title>参考</title>

    <simplelist type="inline">
      <member><link
      linkend="GetWaveletFilters">GetWaveletFilters</link></member>


      <member><link
      linkend="CreateWaveletFrames">CreateWaveletFrames</link></member>

      <member><link linkend="VarianceFilter">VarianceFilter</link></member>
    </simplelist>
  </refsection>
</refentry>
