<?xml version="1.0" encoding="UTF-8"?>
<refentry version="5.0-subset Scilab" xmlns="http://docbook.org/ns/docbook"
          xmlns:xlink="http://www.w3.org/1999/xlink"
          xmlns:xi="http://www.w3.org/2001/XInclude"
          xmlns:svg="http://www.w3.org/2000/svg"
          xmlns:mml="http://www.w3.org/1998/Math/MathML"
          xmlns:html="http://www.w3.org/1999/xhtml"
          xmlns:db="http://docbook.org/ns/docbook">
  <refnamediv xml:id="ConvertColorSpace">
    <refname>ConvertColorSpace</refname>

    <refpurpose>は色画像を別の色空間又はグレイスケールへ変換する</refpurpose>
  </refnamediv>

  <refsynopsisdiv>
    <title>呼び出し</title>

    <synopsis>Result = ConvertColorSpace(PixelList, Dimensions, Conversion);</synopsis>
  </refsynopsisdiv>

  <refsection>
    <title>引数</title>

    <variablelist>
      <varlistentry>
        <term>PixelList</term>

        <listitem>
          <para>色画像の画素のリストで、型がuint8又はdoubleのベクトルである</para>
        </listitem>
      </varlistentry>

      <varlistentry>
        <term>Dimensions</term>

        <listitem>
          <para>行、列とチャネルの数を含むベクトルで、型はdoubleである</para>
        </listitem>
      </varlistentry>

      <varlistentry>
        <term>Conversion</term>

        <listitem>
          <para>「RGB2GRAY」、「RGB2LAB」又は「LAB2RGB」という定数</para>
        </listitem>
      </varlistentry>

      <varlistentry>
        <term>Result</term>

        <listitem>
          <para>サイズとタイプがPixelListと同じベクトルである</para>
        </listitem>
      </varlistentry>
    </variablelist>
  </refsection>

  <refsection>
    <title>説明</title>

    <para>本関数は色画像の画素を別の色空間又はグレイスケールへ変換する。CONVERSION_RGB2Gray、CONVERSION_RGB2LAB及びCONVERSION_LAB2RGBが本関数を呼び出すので、ユーザが本関数を呼び出すことは必要ではない。</para>
  </refsection>

  <refsection>
    <title>例</title>

    <programlisting role="example">global IPD_PATH;

RGB = ReadImage(IPD_PATH + 'demos\teaset.png');

global CONVERSION_RGB2LAB;

LABPixelList = ConvertColorSpace(RGB(:), size(RGB), CONVERSION_RGB2LAB);

LAB = matrix(LABPixelList, size(RGB));

figure(); ShowImage(LAB(:, :, 1), 'L*');

figure(); ShowImage(LAB(:, :, 2), 'a*');

figure(); ShowImage(LAB(:, :, 3), 'b*');
</programlisting>
  </refsection>

  <refsection>
    <title>参考</title>

    <simplelist type="inline">
      <member><link linkend="RGB2Gray">RGB2Gray</link></member>

      <member><link linkend="RGB2LAB">RGB2LAB</link></member>

      <member><link linkend="LAB2RGB">LAB2RGB</link></member>
    </simplelist>
  </refsection>
</refentry>
