<?xml version="1.0" encoding="UTF-8"?>
<refentry version="5.0-subset Scilab" xmlns="http://docbook.org/ns/docbook"
          xmlns:xlink="http://www.w3.org/1999/xlink"
          xmlns:xi="http://www.w3.org/2001/XInclude"
          xmlns:svg="http://www.w3.org/2000/svg"
          xmlns:mml="http://www.w3.org/1998/Math/MathML"
          xmlns:html="http://www.w3.org/1999/xhtml"
          xmlns:db="http://docbook.org/ns/docbook">
  <refnamediv xml:id="CreateStructureElement">
    <refname>CreateStructureElement</refname>

    <refpurpose>は形態学のフィルタのためのstructuring elementを生成する</refpurpose>
  </refnamediv>

  <refsynopsisdiv>
    <title>呼び出し</title>

    <synopsis>StructureElement = CreateStructureElement(Name, Parameter);</synopsis>
  </refsynopsisdiv>

  <refsection>
    <title>引数</title>

    <variablelist>
      <varlistentry>
        <term>Name</term>

        <listitem>
          <para>文字列で、可能な値は'circle'、'square'、'rectangle'、'vertical_line'、'horizontal_line'又は'custom'である。Upper
          caseとlower caseは区別されない</para>
        </listitem>
      </varlistentry>

      <varlistentry>
        <term>Parameter</term>

        <listitem>
          <para>Nameの値は'custom'ではないと、本引数はstructuring　elementの大きさを指定する。Nameの値は'rectangle'だと、本引数はベクトルだ、1つ目の構成要素は列の数を指定して、2つ目の構成要素は行の数を指定する。他の値の場合に、本引数はスカラー
          である。Nameの値は'circle'だと、本引数は半径である。</para>

          <para>Nameの値は'custom'だと、本引数は2次元の行列で、型はbooleanである</para>
        </listitem>
      </varlistentry>

      <varlistentry>
        <term>StructureElement</term>

        <listitem>
          <para>以下の項目を含む構造体：</para>

          <itemizedlist>
            <listitem>
              <para>Width: structuring elementの列の数である</para>
            </listitem>

            <listitem>
              <para>Height: tructuring elementの行の数である</para>
            </listitem>

            <listitem>
              <para>Data: 行列で、型はbooleanである</para>
            </listitem>
          </itemizedlist>
        </listitem>
      </varlistentry>
    </variablelist>
  </refsection>

  <refsection>
    <title>説明</title>

    <para>本関数は形態学のフィルタのためのstructuring　elementを生成する。Structuring　Elementは構造体で表れて、この構造体の項目は型はbooleanである行列及び列と行の数である。</para>
  </refsection>

  <refsection>
    <title>例</title>

    <programlisting role="example">StructureElement = CreateStructureElement('square', 3)</programlisting>
  </refsection>

  <refsection>
    <title>参考</title>

    <simplelist type="inline">
      <member><link linkend="DilateImage">DilateImage</link></member>

      <member><link linkend="ErodeImage">ErodeImage</link></member>

      <member><link linkend="CloseImage">CloseImage</link></member>

      <member><link linkend="OpenImage">OpenImage</link></member>

      <member><link linkend="TopHat">TopHat</link></member>

      <member><link linkend="BottomHat">BottomHat</link></member>

      <member><link
      linkend="MorphologicalFilter">MorphologicalFilter</link></member>
    </simplelist>
  </refsection>
</refentry>
