<?xml version="1.0" encoding="UTF-8"?>
<refentry version="5.0-subset Scilab" xmlns="http://docbook.org/ns/docbook"
          xmlns:xlink="http://www.w3.org/1999/xlink"
          xmlns:xi="http://www.w3.org/2001/XInclude"
          xmlns:svg="http://www.w3.org/2000/svg"
          xmlns:mml="http://www.w3.org/1998/Math/MathML"
          xmlns:html="http://www.w3.org/1999/xhtml"
          xmlns:db="http://docbook.org/ns/docbook">
  <refnamediv xml:id="CreateWaveletFrames">
    <refname>CreateWaveletFrames</refname>

    <refpurpose>は画像にウェブレット・フィルタを適用する</refpurpose>
  </refnamediv>

  <refsynopsisdiv>
    <title>呼び出し</title>

    <synopsis>ImageList = CreateWaveletFrames(Image, WaveletType, MaxLevel);</synopsis>
  </refsynopsisdiv>

  <refsection>
    <title>引数</title>

    <variablelist>
      <varlistentry>
        <term>Image</term>

        <listitem>
          <para>2次元の行列で、型はuint8、uint16、uint32又はdoubleである</para>
        </listitem>
      </varlistentry>

      <varlistentry>
        <term>WaveletType</term>

        <listitem>
          <para>定数で、型はuint8で、以下の値が可能である：</para>

          <itemizedlist>
            <listitem>
              <para>WAVELET_DAUBECHIES_X, 2 &lt;= X &lt;= 20, X = 2 k,
              kは陽性の正数である</para>
            </listitem>

            <listitem>
              <para>WAVLET_COIFLET_Y, 6 &lt;= Y &lt;= 30, Y = 6 k,
              kは陽性の正数である</para>
            </listitem>

            <listitem>
              <para>WAVELET_CDF</para>
            </listitem>
          </itemizedlist>
        </listitem>
      </varlistentry>

      <varlistentry>
        <term>MaxLevel</term>

        <listitem>
          <para>ゼロを超える整数である</para>
        </listitem>
      </varlistentry>

      <varlistentry>
        <term>ImageList</term>

        <listitem>
          <para>3次元の行列で、各レベルにおける水平、筋交い及び垂直の詳細を含む。ImageList(:, :, $)
          はMaxLevelにおける近似値を含む。</para>
        </listitem>
      </varlistentry>
    </variablelist>
  </refsection>

  <refsection>
    <title>説明</title>

    <para>本関数は画像にウェブレット・フィルタを適用する。ウェブレット変換と違って、画像の解像度は変更されなく、フィルタが膨張される[1]。</para>

    <para>[1] Michael Unser, Texture Classification and Segmentation Using
    Wavelet Frames, IEEE Transactions on Image Processing, vol. 4, no. 11,
    november 1995</para>
  </refsection>

  <refsection>
    <title>例</title>

    <programlisting role="example">global WAVELET_DAUBECHIES_2;

global IPD_PATH;

RGB = ReadImage(IPD_PATH + 'demos\small_teaset.png');

Image = RGB2Gray(RGB);

ListOfWaveletImages = CreateWaveletFrames(Image, WAVELET_DAUBECHIES_2, 3);</programlisting>
  </refsection>

  <refsection>
    <title>参考</title>

    <simplelist type="inline">
      <member><link linkend="GetWaveletFilters">GetWaveletFilters</link></member>

      <member><link linkend="VarianceFilter">VarianceFilter</link></member>

      <member><link
      linkend="ComputeChannelVariance">ComputeChannelVariance</link></member>
    </simplelist>
  </refsection>
</refentry>
