<?xml version="1.0" encoding="UTF-8"?>
<refentry version="5.0-subset Scilab" xmlns="http://docbook.org/ns/docbook"
          xmlns:xlink="http://www.w3.org/1999/xlink"
          xmlns:xi="http://www.w3.org/2001/XInclude"
          xmlns:svg="http://www.w3.org/2000/svg"
          xmlns:mml="http://www.w3.org/1998/Math/MathML"
          xmlns:html="http://www.w3.org/1999/xhtml"
          xmlns:db="http://docbook.org/ns/docbook">
  <refnamediv xml:id="CreateCumulatedHistogram">
    <refname>CreateCumulatedHistogram</refname>

    <refpurpose>はグレイレベルの積み重なれたヒストグラムを計算する</refpurpose>
  </refnamediv>

  <refsynopsisdiv>
    <title>呼び出し</title>

    <synopsis>CumulatedHistogram = CreateCumulatedHistogram(Image);

[CumulatedHistogram, ListOfBins] = CreateCumulatedHistogram(Image);</synopsis>
  </refsynopsisdiv>

  <refsection>
    <title>引数</title>

    <variablelist>
      <varlistentry>
        <term>Image</term>

        <listitem>
          <para>2次元の行列で、型はuint8、uint16、uint32、double又はbooleanである</para>
        </listitem>
      </varlistentry>

      <varlistentry>
        <term>CumulatedHistogram</term>

        <listitem>
          <para>グレイレベルの積み重なれたヒストグラムを含むベクトルである</para>
        </listitem>
      </varlistentry>

      <varlistentry>
        <term>ListOfBins</term>

        <listitem>
          <para>ソートされたグレイレベルを含むベクトルで、本引数はオプショナル である</para>
        </listitem>
      </varlistentry>
    </variablelist>
  </refsection>

  <refsection>
    <title>説明</title>

    <para>本関数はグレイレベルの積み重なれたヒストグラムを計算する。各グレイレベルnにグレイレベルがn以下である画素の割合が計算される。</para>
  </refsection>

  <refsection>
    <title>例</title>

    <programlisting role="example">global IPD_PATH;

RGB = ReadImage(IPD_PATH + 'demos\teaset.png');

Image = RGB2Gray(RGB);

figure(); ShowImage(Image, 'Gray Level Image');

[CumulatedHistogram ListOfBins] = CreateCumulatedHistogram(Image);

figure(); plot(ListOfBins, CumulatedHistogram);</programlisting>
  </refsection>

  <refsection>
    <title>参考</title>

    <simplelist type="inline">
      <member><link linkend="CreateHistogram">CreateHistogram</link></member>
    </simplelist>
  </refsection>
</refentry>
