<?xml version="1.0" encoding="UTF-8"?>
<refentry version="5.0-subset Scilab" xmlns="http://docbook.org/ns/docbook"
          xmlns:xlink="http://www.w3.org/1999/xlink"
          xmlns:xi="http://www.w3.org/2001/XInclude"
          xmlns:svg="http://www.w3.org/2000/svg"
          xmlns:mml="http://www.w3.org/1998/Math/MathML"
          xmlns:html="http://www.w3.org/1999/xhtml"
          xmlns:db="http://docbook.org/ns/docbook">
  <refnamediv xml:id="CreateFeatureStruct">
    <refname>CreateFeatureStruct</refname>

    <refpurpose>はAnalyzeBlobsの引数として使われる構造体である</refpurpose>
  </refnamediv>

  <refsynopsisdiv>
    <title>呼び出し</title>

    <synopsis>IsCalculated = CreateFeatureStruct(InitialValue);</synopsis>
  </refsynopsisdiv>

  <refsection>
    <title>引数</title>

    <variablelist>
      <varlistentry>
        <term>InitialValue</term>

        <listitem>
          <para>項目の値を指定する。型はbooleanである本引数はオプショナルである。既定の値は%fである</para>
        </listitem>
      </varlistentry>

      <varlistentry>
        <term>IsCalculated</term>

        <listitem>
          <para>以下の項目を含む構造体である：</para>

          <itemizedlist>
            <listitem>
              <para>BoundingBox: 構成要素４つのベクトル、[upper left column; upper left
              row; witdth; height]</para>
            </listitem>

            <listitem>
              <para>Centroid: 構成要素２つのベクトル、 [center_column, center_row]</para>
            </listitem>

            <listitem>
              <para>PixelIndexList: ボルブに所属する画素のインデックスを含むベクトル</para>
            </listitem>

            <listitem>
              <para>PixelList: 列2つがある行列である。1つ目の列は画素の列を含んで、2つ目の列は画素の行を含む</para>
            </listitem>
          </itemizedlist>
        </listitem>
      </varlistentry>
    </variablelist>
  </refsection>

  <refsection>
    <title>説明</title>

    <para>本関数をAnalyzeBlobsの引数として使用できる。</para>
  </refsection>

  <refsection>
    <title>例</title>

    <programlisting role="example">IsCalculated = CreateFeatureStruct(%t)</programlisting>
  </refsection>

  <refsection>
    <title>参考</title>

    <simplelist type="inline">
      <member><link linkend="SearchBlobs">SearchBlobs</link></member>

      <member><link linkend="FilterBySize">FilterBySize</link></member>

      <member><link linkend="AnalyzeBlobs">AnalyzeBlobs</link></member>

      <member><link
      linkend="CreateSizeHistogram">CreateSizeHistogram</link></member>

      <member><link
      linkend="CumulateSizeHistogram">CumulateSizeHistogram</link></member>

      <member><link
      linkend="CreatePixelIndexList">CreatePixelIndexList</link></member>
    </simplelist>
  </refsection>
</refentry>
