<?xml version="1.0" encoding="UTF-8"?>
<refentry version="5.0-subset Scilab" xmlns="http://docbook.org/ns/docbook"
          xmlns:xlink="http://www.w3.org/1999/xlink"
          xmlns:xi="http://www.w3.org/2001/XInclude"
          xmlns:svg="http://www.w3.org/2000/svg"
          xmlns:mml="http://www.w3.org/1998/Math/MathML"
          xmlns:html="http://www.w3.org/1999/xhtml"
          xmlns:db="http://docbook.org/ns/docbook">
  <refnamediv xml:id="CreateHistogram">
    <refname>CreateHistogram</refname>

    <refpurpose>は画像のグレイレベルのヒストグラムを計算する</refpurpose>
  </refnamediv>

  <refsynopsisdiv>
    <title>呼び出し</title>

    <synopsis>Histogram = CreateHistogram(Image);

[Histogram ListOfBins] = CreateHistogram(Image);

Histogram = CreateHistogram(Image, NumberOfBins);

[Histogram ListOfBins] = CreateHistogram(Image, NumberOfBins);</synopsis>
  </refsynopsisdiv>

  <refsection>
    <title>引数</title>

    <variablelist>
      <varlistentry>
        <term>Image</term>

        <listitem>
          <para>2次元の行列、型はuint8、uint16、uint32、double又はbooleanである</para>
        </listitem>
      </varlistentry>

      <varlistentry>
        <term>NumberOfBins</term>

        <listitem>
          <para>double型の画像におけるグレイレベルの合間の数である。本引数はオプショナルである。画像の型はdoubleではないと、本引数は無視される</para>
        </listitem>
      </varlistentry>

      <varlistentry>
        <term>Histogram</term>

        <listitem>
          <para>各グレイレベルにおける画素の数を含むベクトルである</para>
        </listitem>
      </varlistentry>

      <varlistentry>
        <term>ListOfBins</term>

        <listitem>
          <para>ソートされたグレイレベル又は合間の中央店を含むベクトルで、本引数はオプショナル である</para>
        </listitem>
      </varlistentry>
    </variablelist>
  </refsection>

  <refsection>
    <title>説明</title>

    <para>本関数は画像のグレイレベルのヒストグラムを計算する。画像の型はdoubleだと、合間の数を指定出来る。</para>
  </refsection>

  <refsection>
    <title>例</title>

    <programlisting role="example">global IPD_PATH;

RGB = ReadImage(IPD_PATH + 'demos\teaset.png');

Image = RGB2Gray(RGB);

figure(); ShowImage(Image, 'Gray Level Image');

Histogram = CreateHistogram(Image, 10);

figure(); plot(Histogram);</programlisting>
  </refsection>

  <refsection>
    <title>参考</title>

    <simplelist type="inline">
      <member><link
      linkend="CreateCumulatedHistogram">CreateCumulatedHistogram</link></member>
    </simplelist>
  </refsection>
</refentry>
