<?xml version="1.0" encoding="UTF-8"?>
<refentry version="5.0-subset Scilab" xmlns="http://docbook.org/ns/docbook"
          xmlns:xlink="http://www.w3.org/1999/xlink"
          xmlns:xi="http://www.w3.org/2001/XInclude"
          xmlns:svg="http://www.w3.org/2000/svg"
          xmlns:mml="http://www.w3.org/1998/Math/MathML"
          xmlns:html="http://www.w3.org/1999/xhtml"
          xmlns:db="http://docbook.org/ns/docbook">
  <refnamediv xml:id="CreatePixelIndexList">
    <refname>CreatePixelIndexList</refname>

    <refpurpose>は各ブロブにおける画素のインデックスのリストを計算する</refpurpose>
  </refnamediv>

  <refsynopsisdiv>
    <title>呼び出し</title>

    <synopsis>PixelIndexMatrix = CreatePixelIndexList(BlobImage);</synopsis>
  </refsynopsisdiv>

  <refsection>
    <title>引数</title>

    <variablelist>
      <varlistentry>
        <term>BlobImage</term>

        <listitem>
          <para>2次元の行列で、型はuint32である</para>
        </listitem>
      </varlistentry>

      <varlistentry>
        <term>PixelIndexMatrix</term>

        <listitem>
          <para>行列で、列の数はボロブの数に相当し、行の数は最大のボロブの大きさに相当する。型はint32 (Scilab
          5.2.0)又はuint32(Scilab
          5.2.1以降)である。ボロブのにおける画素の数はnだと、インデックスは行1から行nまでに掲載される</para>
        </listitem>
      </varlistentry>
    </variablelist>
  </refsection>

  <refsection>
    <title>説明</title>

    <para>本関数は各ボロブにおける画素のインデックスのリストを計算する。各列はブロブに相当する。ボロブのにおける画素の数はnだと、インデックスは行1から行nまでに掲載される。AnalyzeBlobsは本関数を呼びさすから、ユーザーが本関数を呼び出すことが必要ではない。</para>
  </refsection>

  <refsection>
    <title>例</title>

    <programlisting role="example">global IPD_PATH;

RGB = ReadImage(IPD_PATH + 'demos\teaset.png');

Image = RGB2Gray(RGB);

ThresholdedImage = SegmentByThreshold(Image, 200);

BlobImage = SearchBlobs(ThresholdedImage);

FilteredBlobImage = FilterBySize(BlobImage, 100); // Small objects are removed.

IsCalculated = CreateFeatureStruct(%f); // Feature struct is generated.

IsCalculated.PixelIndexList = %t; // The pixel index list shall be calculated for each blob.

SizeHistogram = CreateHistogram(FilteredBlobImage);
 
NumberOfObjects = length(SizeHistogram) - 1;

PixelIndexMatrix = CreatePixelIndexList(FilteredBlobImage);

for n = 1 : NumberOfObjects
  
 PixelIndexList = PixelIndexMatrix(1 : SizeHistogram(n + 1), n);

 disp(PixelIndexList);

end;

</programlisting>
  </refsection>

  <refsection>
    <title>参考</title>

    <simplelist type="inline">
      <member><link linkend="SearchBlobs">SearchBlobs</link></member>

      <member><link linkend="FilterBySize">FilterBySize</link></member>

      <member><link
      linkend="CreateFeatureStruct">CreateFeatureStruct</link></member>

      <member><link linkend="AnalyzeBlobs">AnalyzeBlobs</link></member>

      <member><link
      linkend="CreateSizeHistogram">CreateSizeHistogram</link></member>

      <member><link
      linkend="CumulateSizeHistogram">CumulateSizeHistogram</link></member>
    </simplelist>
  </refsection>
</refentry>
