<?xml version="1.0" encoding="UTF-8"?>
<refentry version="5.0-subset Scilab" xmlns="http://docbook.org/ns/docbook"
          xmlns:xlink="http://www.w3.org/1999/xlink"
          xmlns:xi="http://www.w3.org/2001/XInclude"
          xmlns:svg="http://www.w3.org/2000/svg"
          xmlns:mml="http://www.w3.org/1998/Math/MathML"
          xmlns:html="http://www.w3.org/1999/xhtml"
          xmlns:db="http://docbook.org/ns/docbook">
  <refnamediv xml:id="CumulateSizeHistogram">
    <refname>CumulateSizeHistogram</refname>

    <refpurpose>はブロブの画素数の積み重なれたヒストグラムを計算する</refpurpose>
  </refnamediv>

  <refsynopsisdiv>
    <title>呼び出し</title>

    <synopsis>[CumulatedSizeHistogram ListOfSizes] = CumulateSizeHistogram(BlobImage);

CumulatedSizeHistogram = CumulateSizeHistogram(BlobImage);</synopsis>
  </refsynopsisdiv>

  <refsection>
    <title>引数</title>

    <variablelist>
      <varlistentry>
        <term>BlobImage</term>

        <listitem>
          <para>2次元の行列で、型はuint32又はint32である</para>
        </listitem>
      </varlistentry>

      <varlistentry>
        <term>CumulatedSizeHistogram</term>

        <listitem>
          <para>重なれたヒストグラムを含むベクトルである</para>
        </listitem>
      </varlistentry>

      <varlistentry>
        <term>ListOfSizes</term>

        <listitem>
          <para>ブロブの画素数を含むベクトルである。本引数はオプショナルである</para>
        </listitem>
      </varlistentry>
    </variablelist>
  </refsection>

  <refsection>
    <title>説明</title>

    <para>本関数はブロブの画素数の積み重なれたヒストグラムを計算する。</para>
  </refsection>

  <refsection>
    <title>例</title>

    <programlisting role="example">global IPD_PATH;

RGB = ReadImage(IPD_PATH + 'demos\teaset.png');

Image = RGB2Gray(RGB);

ThresholdImage = SegmentByThreshold(Image, 200);

BlobImage = SearchBlobs(ThresholdImage);

[CumulatedSizeHistogram ListOfSizes] = CumulateSizeHistogram(BlobImage);

figure(); plot(ListOfSizes, CumulatedSizeHistogram);</programlisting>
  </refsection>

  <refsection>
    <title>参考</title>

    <simplelist type="inline">
      <member><link linkend="SearchBlobs">SearchBlobs</link></member>

      <member><link linkend="FilterBySize">FilterBySize</link></member>

      <member><link
      linkend="CreateFeatureStruct">CreateFeatureStruct</link></member>

      <member><link linkend="AnalyzeBlobs">AnalyzeBlobs</link></member>

      <member><link
      linkend="CreateSizeHistogram">CreateSizeHistogram</link></member>

      <member><link
      linkend="CreatePixelIndexList">CreatePixelIndexList</link></member>
    </simplelist>
  </refsection>
</refentry>
