<?xml version="1.0" encoding="UTF-8"?>
<refentry version="5.0-subset Scilab" xmlns="http://docbook.org/ns/docbook"
          xmlns:xlink="http://www.w3.org/1999/xlink"
          xmlns:xi="http://www.w3.org/2001/XInclude"
          xmlns:svg="http://www.w3.org/2000/svg"
          xmlns:mml="http://www.w3.org/1998/Math/MathML"
          xmlns:html="http://www.w3.org/1999/xhtml"
          xmlns:db="http://docbook.org/ns/docbook">
  <refnamediv xml:id="DilateImage">
    <refname>DilateImage</refname>

    <refpurpose>は形態学の膨張度を画像に適用する</refpurpose>
  </refnamediv>

  <refsynopsisdiv>
    <title>呼び出し</title>

    <synopsis>ResultImage = DilateImage(Image, StructureElement);</synopsis>
  </refsynopsisdiv>

  <refsection>
    <title>引数</title>

    <variablelist>
      <varlistentry>
        <term>Image</term>

        <listitem>
          <para>2次元の行列で、型はuint8、, uint16、uint32、double又はbooleanである</para>
        </listitem>
      </varlistentry>

      <varlistentry>
        <term>StructureElement</term>

        <listitem>
          <para>「Width」、「Height」及び「
          Data」という項目を含む構造体で、CreateStructureElementで生成される</para>
        </listitem>
      </varlistentry>

      <varlistentry>
        <term>ResultImage</term>

        <listitem>
          <para>行列で、次元と型はImageと同じである</para>
        </listitem>
      </varlistentry>
    </variablelist>
  </refsection>

  <refsection>
    <title>説明</title>

    <para>本関数は形態学の膨張度を画像に適用する。</para>
  </refsection>

  <refsection>
    <title>例</title>

    <programlisting role="example">Image = 0.5 * ones(9, 9) // generate gray image

Image(:, 3) = 0 // draw dark line

Image(:, 7) = 1 // draw light line

StructureElement = CreateStructureElement('square', 3) // generate structuring element

ResultImage = DilateImage(Image, StructureElement)
</programlisting>
  </refsection>

  <refsection>
    <title>参考</title>

    <simplelist type="inline">
      <member><link linkend="ErodeImage">ErodeImage</link></member>

      <member><link linkend="CloseImage">CloseImage</link></member>

      <member><link linkend="OpenImage">OpenImage</link></member>

      <member><link linkend="TopHat">TopHat</link></member>

      <member><link linkend="BottomHat">BottomHat</link></member>

      <member><link
      linkend="CreateStructureElement">CreateStructureElement</link></member>

      <member><link
      linkend="MorphologicalFilter">MorphologicalFilter</link></member>
    </simplelist>
  </refsection>
</refentry>
