<?xml version="1.0" encoding="UTF-8"?>
<refentry version="5.0-subset Scilab" xmlns="http://docbook.org/ns/docbook"
          xmlns:xlink="http://www.w3.org/1999/xlink"
          xmlns:xi="http://www.w3.org/2001/XInclude"
          xmlns:svg="http://www.w3.org/2000/svg"
          xmlns:mml="http://www.w3.org/1998/Math/MathML"
          xmlns:html="http://www.w3.org/1999/xhtml"
          xmlns:db="http://docbook.org/ns/docbook">
  <refnamediv xml:id="DrawBoundingBoxes">
    <refname>DrawBoundingBoxes</refname>

    <refpurpose>は物体を境界する四角を描く</refpurpose>
  </refnamediv>

  <refsynopsisdiv>
    <title>呼び出し</title>

    <synopsis>DrawBoundingBoxes(BlobList, Color, FigureHandle);</synopsis>
  </refsynopsisdiv>

  <refsection>
    <title>引数</title>

    <variablelist>
      <varlistentry>
        <term>BlobList</term>

        <listitem>
          <para>ブロブの特徴を含むリストで、AnalyzeBlobsで生成される</para>
        </listitem>
      </varlistentry>

      <varlistentry>
        <term>Color</term>

        <listitem>
          <para>構成要素3つになるベクトルで、 各構成要素は0以上で、1以下である</para>
        </listitem>
      </varlistentry>

      <varlistentry>
        <term>FigureHandle</term>

        <listitem>
          <para>境界する四角を描くが描かれるウィンドーのハンドルである。本引数はオプショナルである。指定されないと、現在のウィンドーに描かれる。</para>
        </listitem>
      </varlistentry>
    </variablelist>
  </refsection>

  <refsection>
    <title>説明</title>

    <para>本関数は物体を境界する四角を描く。従って、画像に発見された物体に記しを付ける可能性がある。</para>
  </refsection>

  <refsection>
    <title>例</title>

    <programlisting role="example">global IPD_PATH;

RGB = ReadImage(IPD_PATH + 'demos\teaset.png');

Image = RGB2Gray(RGB);

Image = uint8(255 * ones(size(Image, 1), size(Image, 2))) - Image;

ThresholdedImage = SegmentByThreshold(Image, 100);

BlobImage = SearchBlobs(ThresholdedImage);

FilteredBlobImage = FilterBySize(BlobImage, 10000); // Small objects are removed.

IsCalculated = CreateFeatureStruct(%f); // Feature struct is generated.

IsCalculated.BoundingBox = %t; // The bounding box shall be calculated for each blob.

BlobStatistics = AnalyzeBlobs(FilteredBlobImage, IsCalculated);

FigureWindow = figure();

ShowImage(FilteredBlobImage, 'Blob Image', jetcolormap(4));

DrawBoundingBoxes(BlobStatistics, [1 1 1], FigureWindow); // Bounding boxes are drawn in white.
</programlisting>
  </refsection>

  <refsection>
    <title>参考</title>

    <simplelist type="inline">
      <member><link linkend="Ind2RGB">Ind2RGB</link></member>

      <member><link linkend="RGB2Ind">RGB2Ind</link></member>

      <member><link linkend="ShowImage">ShowImage</link></member>

      <member><link linkend="ShowColorImage">ShowColorImage</link></member>
    </simplelist>
  </refsection>
</refentry>
