<?xml version="1.0" encoding="UTF-8"?>
<refentry version="5.0-subset Scilab" xmlns="http://docbook.org/ns/docbook"
          xmlns:xlink="http://www.w3.org/1999/xlink"
          xmlns:xi="http://www.w3.org/2001/XInclude"
          xmlns:svg="http://www.w3.org/2000/svg"
          xmlns:mml="http://www.w3.org/1998/Math/MathML"
          xmlns:html="http://www.w3.org/1999/xhtml"
          xmlns:db="http://docbook.org/ns/docbook">
  <refnamediv xml:id="EdgeFilter">
    <refname>EdgeFilter</refname>

    <refpurpose>はエッジの抽出することのために画像にフィルタを適用する</refpurpose>
  </refnamediv>

  <refsynopsisdiv>
    <title>呼び出し</title>

    <synopsis>FilteredImage = EdgeFilter(Image, FilterType);</synopsis>
  </refsynopsisdiv>

  <refsection>
    <title>引数</title>

    <variablelist>
      <varlistentry>
        <term>Image</term>

        <listitem>
          <para>2次元の行列で、型はuint8、uint16、uint32又はdoubleである</para>
        </listitem>
      </varlistentry>

      <varlistentry>
        <term>FilterType</term>

        <listitem>
          <para>定数で、可能のある値はEDGE_SOBEL、EDGE_LAPLACE、EDGE_PREWITT又はEDGE_SCHARRである</para>
        </listitem>
      </varlistentry>

      <varlistentry>
        <term>FilteredImage</term>

        <listitem>
          <para>行列で、次元と型はImageと同じである</para>
        </listitem>
      </varlistentry>
    </variablelist>
  </refsection>

  <refsection>
    <title>説明</title>

    <para>本関数はエッジの抽出することのために画像にフィルタを適用する。スレショールドは計算されなく、画像はスレショールドに分割されない。フィルタの結果が返される。</para>
  </refsection>

  <refsection>
    <title>例</title>

    <programlisting role="example">global IPD_PATH;

RGB = ReadImage(IPD_PATH + 'demos\teaset.png');

Image = RGB2Gray(RGB);

global EDGE_SOBEL;

Gradient = EdgeFilter(Image, EDGE_SOBEL);

figure(); ShowImage(Gradient, 'Gradient Image');</programlisting>
  </refsection>

  <refsection>
    <title>参考</title>

    <simplelist type="inline">
      <member><link
      linkend="DistanceTransform">DistanceTransform</link></member>

      <member><link linkend="Watershed">Watershed</link></member>

      <member><link linkend="SeparableFilter">SeparableFilter</link></member>

      <member><link linkend="MaskFilter">MaskFilter</link></member>
    </simplelist>
  </refsection>
</refentry>
