<?xml version="1.0" encoding="UTF-8"?>
<refentry version="5.0-subset Scilab" xmlns="http://docbook.org/ns/docbook"
          xmlns:xlink="http://www.w3.org/1999/xlink"
          xmlns:xi="http://www.w3.org/2001/XInclude"
          xmlns:svg="http://www.w3.org/2000/svg"
          xmlns:mml="http://www.w3.org/1998/Math/MathML"
          xmlns:html="http://www.w3.org/1999/xhtml"
          xmlns:db="http://docbook.org/ns/docbook">
  <refnamediv xml:id="FilterBySize">
    <refname>FilterBySize</refname>

    <refpurpose>は画素数が最小値未満であるブロブ又は画素数が最大値を超えるブロブを除去する</refpurpose>
  </refnamediv>

  <refsynopsisdiv>
    <title>呼び出し</title>

    <synopsis>FilteredImage = FilterBySize(Image, MinArea);

FilteredImage = FilterBySize(Image, MinArea, MaxArea);</synopsis>
  </refsynopsisdiv>

  <refsection>
    <title>引数</title>

    <variablelist>
      <varlistentry>
        <term>Image</term>

        <listitem>
          <para>SearchBlobsで生成された2次元の行列で、型はint32又はuint32である</para>
        </listitem>
      </varlistentry>

      <varlistentry>
        <term>MinArea</term>

        <listitem>
          <para>ブロブの画素数の最小値である</para>
        </listitem>
      </varlistentry>

      <varlistentry>
        <term>MaxArea</term>

        <listitem>
          <para>ブロブの画素数の最大値である。本引数はオプショナルである</para>
        </listitem>
      </varlistentry>
    </variablelist>
  </refsection>

  <refsection>
    <title>説明</title>

    <para>本関数は画素数が最小値未満であるブロブ又は画素数が最大値を超えるブロブを除去する。画像はSearchBlobsで生成される。</para>
  </refsection>

  <refsection>
    <title>例</title>

    <programlisting role="example">Image = rand(9, 9) // generate random image

Threshold = CalculateOtsuThreshold(Image); // calculate a threshold

BinaryImage = SegmentByThreshold(Image, Threshold) // segment image

BlobImage = SearchBlobs(BinaryImage) // blob image is generated

FilteredBlobImage = FilterBySize(BlobImage, 3, 60)</programlisting>
  </refsection>

  <refsection>
    <title>参考</title>

    <simplelist type="inline">
      <member><link linkend="SearchBlobs">SearchBlobs</link></member>

      <member><link
      linkend="CreateFeatureStruct">CreateFeatureStruct</link></member>

      <member><link linkend="AnalyzeBlobs">AnalyzeBlobs</link></member>

      <member><link
      linkend="CreateSizeHistogram">CreateSizeHistogram</link></member>

      <member><link
      linkend="CumulateSizeHistogram">CumulateSizeHistogram</link></member>

      <member><link
      linkend="CreatePixelIndexList">CreatePixelIndexList</link></member>
    </simplelist>
  </refsection>
</refentry>
