<?xml version="1.0" encoding="UTF-8"?>
<refentry version="5.0-subset Scilab" xmlns="http://docbook.org/ns/docbook"
          xmlns:xlink="http://www.w3.org/1999/xlink"
          xmlns:xi="http://www.w3.org/2001/XInclude"
          xmlns:svg="http://www.w3.org/2000/svg"
          xmlns:mml="http://www.w3.org/1998/Math/MathML"
          xmlns:html="http://www.w3.org/1999/xhtml"
          xmlns:db="http://docbook.org/ns/docbook">
  <refnamediv xml:id="GetVideoStruct">
    <refname>GetVideoStruct</refname>

    <refpurpose>はビデオ・ファイルの特徴を読み込む</refpurpose>
  </refnamediv>

  <refsynopsisdiv>
    <title>呼び出し</title>

    <synopsis>VideoStruct = GetVideoStruct(VideoPath);</synopsis>
  </refsynopsisdiv>

  <refsection>
    <title>引数</title>

    <variablelist>
      <varlistentry>
        <term>VideoPath</term>

        <listitem>
          <para>ビデオ・ファイルの名前又はパスである</para>
        </listitem>
      </varlistentry>

      <varlistentry>
        <term>VideoInfo</term>

        <listitem>
          <para>構造体で、項目は以下である：</para>

          <itemizedlist>
            <listitem>
              <para>Codec: codecの名前である</para>
            </listitem>
          </itemizedlist>

          <itemizedlist>
            <listitem>
              <para>NumberOfFrames: ビデオ・ファイルにおける画像の枚数</para>
            </listitem>
          </itemizedlist>

          <itemizedlist>
            <listitem>
              <para>FrameRate: 1秒間で撮影された画像の枚数</para>
            </listitem>
          </itemizedlist>

          <itemizedlist>
            <listitem>
              <para>Width: 画像における列の数</para>
            </listitem>
          </itemizedlist>

          <itemizedlist>
            <listitem>
              <para>Height: 画像における行の数</para>
            </listitem>
          </itemizedlist>

          <itemizedlist>
            <listitem>
              <para>IsColor: 画像は色画像(%t)だか、グレイスケール(%f)だか</para>
            </listitem>
          </itemizedlist>
        </listitem>
      </varlistentry>
    </variablelist>
  </refsection>

  <refsection>
    <title>説明</title>

    <para>本関数はcodec、画像の枚数、1秒間に撮影された画像の枚数、列の数、行の数及び画像が色画像だかグレイスケールだかを読み込む。</para>
  </refsection>

  <refsection>
    <title>例</title>

    <programlisting role="example">global IPD_PATH;

VideoStruct = GetVideoStruct(IPD_PATH + 'demos\red-car-video.avi')</programlisting>
  </refsection>

  <refsection>
    <title>参考</title>

    <simplelist type="inline">
      <member><link linkend="OpenVideoFile">OpenVideoFile</link></member>

      <member><link linkend="ReadImage">ReadImage</link></member>

      <member><link linkend="CloseVideoFile">CloseVideoFile</link></member>

      <member><link linkend="GetVideoInfo">GetVideoInfo</link></member>

      <member><link
      linkend="ReadImageFromVideo">ReadImageFromVideo</link></member>
    </simplelist>
  </refsection>
</refentry>
