<?xml version="1.0" encoding="UTF-8"?>
<refentry version="5.0-subset Scilab" xmlns="http://docbook.org/ns/docbook"
          xmlns:xlink="http://www.w3.org/1999/xlink"
          xmlns:xi="http://www.w3.org/2001/XInclude"
          xmlns:svg="http://www.w3.org/2000/svg"
          xmlns:mml="http://www.w3.org/1998/Math/MathML"
          xmlns:html="http://www.w3.org/1999/xhtml"
          xmlns:db="http://docbook.org/ns/docbook">
  <refnamediv xml:id="GetVideoInfo">
    <refname>GetVideoInfo</refname>

    <refpurpose>はビデオ・ファイルの特徴を読み込んで、GetVideoStructに呼び出される</refpurpose>
  </refnamediv>

  <refsynopsisdiv>
    <title>呼び出し</title>

    <synopsis>VideoInfoAsList = GetVideoInfo(VideoPath);</synopsis>
  </refsynopsisdiv>

  <refsection>
    <title>引数</title>

    <variablelist>
      <varlistentry>
        <term>VideoPath</term>

        <listitem>
          <para>ビデオ・ファイル又はパスである</para>
        </listitem>
      </varlistentry>

      <varlistentry>
        <term>VideoInfoAsList</term>

        <listitem>
          <para>ビデオ・ファイルの特徴及び特徴の名前のリストである</para>
        </listitem>
      </varlistentry>
    </variablelist>
  </refsection>

  <refsection>
    <title>説明</title>

    <para>本関数はcodec、画像の枚数、1秒間に撮影された画像の枚数、列の数、行の数及び画像が色画像だかグレイスケールだかを読み込む。リストが返される。奇数
    の項目は特徴の名前に相当する。ビデオファイルの特徴を構造体で表れる希望があると、 <link
    linkend="GetVideoStruct">GetVideoStruct</link>を使用する。</para>
  </refsection>

  <refsection>
    <title>例</title>

    <programlisting role="example">global IPD_PATH;

VideoInfoAsList = GetVideoInfo(IPD_PATH + 'demos\red-car-video.avi');

for n = 1 : length(VideoInfoAsList)

disp(VideoInfoAsList(n));

end;
</programlisting>
  </refsection>

  <refsection>
    <title>参考</title>

    <simplelist type="inline">
      <member><link linkend="GetVideoStruct">GetVideoStruct</link></member>

      <member><link linkend="OpenVideoFile">OpenVideoFile</link></member>

      <member><link linkend="ReadImage">ReadImage</link></member>

      <member><link linkend="CloseVideoFile">CloseVideoFile</link></member>

      <member><link
      linkend="ReadImageFromVideo">ReadImageFromVideo</link></member>
    </simplelist>
  </refsection>
</refentry>
