<?xml version="1.0" encoding="UTF-8"?>
<refentry version="5.0-subset Scilab" xmlns="http://docbook.org/ns/docbook"
          xmlns:xlink="http://www.w3.org/1999/xlink"
          xmlns:xi="http://www.w3.org/2001/XInclude"
          xmlns:svg="http://www.w3.org/2000/svg"
          xmlns:mml="http://www.w3.org/1998/Math/MathML"
          xmlns:html="http://www.w3.org/1999/xhtml"
          xmlns:db="http://docbook.org/ns/docbook">
  <refnamediv xml:id="GetWaveletFilters">
    <refname>GetWaveletFilters</refname>

    <refpurpose>はウェブレットに相当するハイ・パス・フィルタ及びロー・パス・フィルタを返す</refpurpose>
  </refnamediv>

  <refsynopsisdiv>
    <title>呼び出し</title>

    <synopsis>WaveletFilter = GetWaveletFilters(WaveletType);</synopsis>
  </refsynopsisdiv>

  <refsection>
    <title>引数</title>

    <variablelist>
      <varlistentry>
        <term>WaveletType</term>

        <listitem>
          <para>定数で、型はuint8で、以下の値が可能である：</para>

          <itemizedlist>
            <listitem>
              <para>WAVELET_DAUBECHIES_X, 2 &lt;= X &lt;= 20, X = 2 k,
              kは陽性の正数である</para>
            </listitem>

            <listitem>
              <para>WAVLET_COIFLET_Y, 6 &lt;= Y &lt;= 30, Y = 6 k,
              kは陽性の正数である</para>
            </listitem>

            <listitem>
              <para>WAVELET_CDF</para>
            </listitem>
          </itemizedlist>
        </listitem>
      </varlistentry>

      <varlistentry>
        <term>WaveletFilter</term>

        <listitem>
          <para>構造体で、構成要素はLowPass及びHighPassである</para>
        </listitem>
      </varlistentry>
    </variablelist>
  </refsection>

  <refsection>
    <title>説明</title>

    <para>本関数はDaubechiesウェブレット、Coiflet又はCohen　Daubechies　Feauveau　(CDF)ウェブレットのロー・パス・フィルタと杯・パス・フィルタを返す。
    このフィルタを用いて（s. <link
    linkend="CreateWaveletFrames">CreateWaveletFrames</link>）を計算できる。</para>
  </refsection>

  <refsection>
    <title>例</title>

    <programlisting role="example">global WAVELET_DAUBECHIES_2;

WaveletFilter = GetWaveletFilters(WAVELET_DAUBECHIES_2);

disp(WaveletFilter);</programlisting>
  </refsection>

  <refsection>
    <title>参考</title>

    <simplelist type="inline">
      <member><link
      linkend="CreateWaveletFrames">CreateWaveletFrames</link></member>

      <member><link linkend="VarianceFilter">VarianceFilter</link></member>

      <member><link
      linkend="ComputeChannelVariance">ComputeChannelVariance</link></member>
    </simplelist>
  </refsection>
</refentry>
