<?xml version="1.0" encoding="UTF-8"?>
<refentry version="5.0-subset Scilab" xmlns="http://docbook.org/ns/docbook"
          xmlns:xlink="http://www.w3.org/1999/xlink"
          xmlns:xi="http://www.w3.org/2001/XInclude"
          xmlns:svg="http://www.w3.org/2000/svg"
          xmlns:mml="http://www.w3.org/1998/Math/MathML"
          xmlns:html="http://www.w3.org/1999/xhtml"
          xmlns:db="http://docbook.org/ns/docbook">
  <refnamediv xml:id="ImageTool">
    <refname>ImageTool</refname>

    <refpurpose>はインターアクティブ画像解析の機能性を導入する</refpurpose>
  </refnamediv>

  <refsynopsisdiv>
    <title>呼び出し</title>

    <synopsis>ImageTool(Image);

ImageTool(Image, Title);

FigureHandle = ImageTool(Image);

FigureHandle = ImageTool(Image, Title);</synopsis>
  </refsynopsisdiv>

  <refsection>
    <title>引数</title>

    <variablelist>
      <varlistentry>
        <term>Image</term>

        <listitem>
          <para>2次元又は3次元の行列で、型はuint8、uint16、uint32又はdoubleである。さらに、2次元のboolean型の行列は可能である</para>
        </listitem>
      </varlistentry>

      <varlistentry>
        <term>Title</term>

        <listitem>
          <para>文字列で、本引数はオプショナルである</para>
        </listitem>
      </varlistentry>

      <varlistentry>
        <term>FigureHandle</term>

        <listitem>
          <para>Imageが表示されるウィンドーへのハンドルで、本引数はオプショナルである</para>
        </listitem>
      </varlistentry>
    </variablelist>
  </refsection>

  <refsection>
    <title>説明</title>

    <para>本関数で画像をインターアクティブに解析出来る。以下の機能性は導入される：</para>

    <itemizedlist>
      <listitem>
        <para>画像ファイルを開くこと、蓄積すること</para>
      </listitem>

      <listitem>
        <para>マウスの左のバットンでクリックをして、画素を選択する</para>

        <itemizedlist>
          <listitem>
            <para>行におけるプロファイル</para>
          </listitem>

          <listitem>
            <para>行におけるヒストグラム</para>
          </listitem>

          <listitem>
            <para>列におけるプロファイル</para>
          </listitem>

          <listitem>
            <para>列におけるヒストグラム</para>
          </listitem>

          <listitem>
            <para>選択された画素の座標をグローバル変数としてエキスポートする</para>
          </listitem>
        </itemizedlist>
      </listitem>

      <listitem>
        <para>マウスの左のバットンで画素2つをクリックして、線を選択する</para>

        <itemizedlist>
          <listitem>
            <para>プロファイル</para>
          </listitem>
        </itemizedlist>

        <itemizedlist>
          <listitem>
            <para>ヒストグラム</para>
          </listitem>
        </itemizedlist>

        <itemizedlist>
          <listitem>
            <para>選択された線をグローバル変数としてエキスポートする</para>
          </listitem>
        </itemizedlist>
      </listitem>

      <listitem>
        <para>マウスの左のバットンで画素2つをクリックして、四角の領域を選択する</para>

        <itemizedlist>
          <listitem>
            <para>ヒストグラム</para>
          </listitem>
        </itemizedlist>

        <itemizedlist>
          <listitem>
            <para>選択された領域をグローバル変数としてエキスポートする</para>
          </listitem>
        </itemizedlist>
      </listitem>
    </itemizedlist>
  </refsection>

  <refsection>
    <title>例</title>

    <programlisting role="example">global IPD_PATH;

RGB = ReadImage(IPD_PATH + 'demos\teaset.png');

Image = RGB2Gray(RGB);

FigureHandle = ImageTool(Image, 'Image to Be Analyzed');</programlisting>
  </refsection>

  <refsection>
    <title></title>

    <simplelist type="inline">
      <member></member>
    </simplelist>
  </refsection>
</refentry>
