<?xml version="1.0" encoding="UTF-8"?>
<refentry version="5.0-subset Scilab" xmlns="http://docbook.org/ns/docbook"
          xmlns:xlink="http://www.w3.org/1999/xlink"
          xmlns:xi="http://www.w3.org/2001/XInclude"
          xmlns:svg="http://www.w3.org/2000/svg"
          xmlns:mml="http://www.w3.org/1998/Math/MathML"
          xmlns:html="http://www.w3.org/1999/xhtml"
          xmlns:db="http://docbook.org/ns/docbook">
  <refnamediv xml:id="Ind2RGB">
    <refname>Ind2RGB</refname>

    <refpurpose>は色ベクトルのテーブルのインデックスで表れた画像をRGB空間へ変換する</refpurpose>
  </refnamediv>

  <refsynopsisdiv>
    <title>呼び出し</title>

    <synopsis>RGB = Ind2RGB(IndexImage, ColorMap);

RGB = Ind2RGB(IndexImage, ColorMap, BackGroundColor);</synopsis>
  </refsynopsisdiv>

  <refsection>
    <title>引数</title>

    <variablelist>
      <varlistentry>
        <term>IndexImage</term>

        <listitem>
          <para>2次元の行列で、型はuint8、uint16、uint32又はdoubleである。IndexImageの型はdoubleであると、各インデックスは0以上の整数であることが必要</para>
        </listitem>
      </varlistentry>

      <varlistentry>
        <term>ColorMap</term>

        <listitem>
          <para>列3つの行列で、型はuint8、uint16、uint32又はdoubleである</para>
        </listitem>
      </varlistentry>

      <varlistentry>
        <term>BackGroundColor</term>

        <listitem>
          <para>構成要素3つになるベクトルで、型はuint8、uint16、uint32又はdoubleである。BackGroundの型はdoubleだと、構成要素は0と1間の数である。本引数はオプショナルである。既の背景色は白である</para>
        </listitem>
      </varlistentry>
    </variablelist>
  </refsection>

  <refsection>
    <title>説明</title>

    <para>本関数は色ベクトルのテーブルのインデックスで表れた画像をRGB空間へ変換する。値が1以上の画素は色の表の行に写像される。値が0の画素は背景色に写像される。</para>
  </refsection>

  <refsection>
    <title>例</title>

    <programlisting role="example">IndexImage = matrix(1 : 256, [16 16]);

ColorMap = jetcolormap(256);

RGB = Ind2RGB(IndexImage, ColorMap);

WriteImage(RGB, 'test.png');</programlisting>
  </refsection>

  <refsection>
    <title>参考</title>

    <simplelist type="inline">
      <member><link linkend="RGB2Ind">RGB2Ind</link></member>

      <member><link linkend="ShowImage">ShowImage</link></member>

      <member><link linkend="ShowColorImage">ShowColorImage</link></member>

      <member><link
      linkend="DrawBoundingBoxes">DrawBoundingBoxes</link></member>
    </simplelist>
  </refsection>
</refentry>
