<?xml version="1.0" encoding="UTF-8"?>
<refentry version="5.0-subset Scilab" xmlns="http://docbook.org/ns/docbook"
          xmlns:xlink="http://www.w3.org/1999/xlink"
          xmlns:xi="http://www.w3.org/2001/XInclude"
          xmlns:svg="http://www.w3.org/2000/svg"
          xmlns:mml="http://www.w3.org/1998/Math/MathML"
          xmlns:html="http://www.w3.org/1999/xhtml"
          xmlns:db="http://docbook.org/ns/docbook">
  <refnamediv xml:id="MatchTemplate">
    <refname>MatchTemplate</refname>

    <refpurpose>画像とテンプレート間の類似度を計算する</refpurpose>
  </refnamediv>

  <refsynopsisdiv>
    <title>呼び出し</title>

    <synopsis>Match = MatchTemplate(SourceImage, TemplateImage, Method);</synopsis>
  </refsynopsisdiv>

  <refsection>
    <title>引数</title>

    <variablelist>
      <varlistentry>
        <term>SourceImage</term>

        <listitem>
          <para>2次元の行列で、型は uint8である</para>
        </listitem>
      </varlistentry>

      <varlistentry>
        <term>TemplateImage</term>

        <listitem>
          <para>2次元の行列で、型は uint8である。行と列の数はSourceImageにおける行と列の数を超えられない</para>
        </listitem>
      </varlistentry>

      <varlistentry>
        <term>Method</term>

        <listitem>
          <para>定数で、型はuint8で、以下の値は可能である：</para>

          <itemizedlist>
            <listitem>
              <para>MATCH_LEAST_SQUARES:
              SourceImageとTemplateImage間のグレー値の差の2乗の合計</para>
            </listitem>

            <listitem>
              <para>MATCH_CORRELATION: SourceImageとTemplateImage間の相関</para>
            </listitem>

            <listitem>
              <para>MATCH_LEAST_SQUARES_NORM:
              SourceImageとTemplateImage間のグレー値の差の2乗の正規化された合計</para>
            </listitem>

            <listitem>
              <para>MATCH_CORRELATION_NORM:
              SourceImageとTemplateImage間のの正規化された相関</para>
            </listitem>
          </itemizedlist>
        </listitem>
      </varlistentry>

      <varlistentry>
        <term>Match</term>

        <listitem>
          <para>2次元の行列で、型は doubleである</para>
        </listitem>
      </varlistentry>
    </variablelist>
  </refsection>

  <refsection>
    <title>説明</title>

    <para>この関数は、ソース画像とテンプレート画像間の類似度を計算する。 結果は行列である。この行列はソース画像より小さい。</para>
  </refsection>

  <refsection>
    <title>例</title>

    <programlisting role="example">global MATCH_CORRELATION_NORM;

global IPD_PATH;

SourceColorImage = ReadImage(IPD_PATH + 'demos\teaset.png');

SourceImage = RGB2Gray(SourceColorImage);

TemplateColorImage = ReadImage(IPD_PATH + 'demos\cropped_image.png');

TemplateImage = RGB2Gray(TemplateColorImage);

Match = MatchTemplate(SourceImage, TemplateImage, MATCH_CORRELATION_NORM);
                      
MatchList = FindBestMatches(Match, size(TemplateImage), MATCH_CORRELATION_NORM);
                            
SquareList = list();
                            
for n = 1 : size(MatchList, 1)
  
 SquareList($ + 1) = struct('BoundingBox', cat(2, MatchList(n, :) - [1 1], [3 3])');
  
end;                            

SourceHandle = figure();
                            
ShowColorImage(SourceColorImage, 'Image with Marked Match Positions');

DrawBoundingBoxes(SquareList, [0 1 0], SourceHandle);

TemplateHandle = figure();

ShowColorImage(TemplateColorImage, 'Template Image');
</programlisting>
  </refsection>

  <refsection>
    <title>参考</title>

    <simplelist type="inline">
      <member><link linkend="FindBestMatches">FindBestMatches</link></member>
    </simplelist>
  </refsection>
</refentry>
