<?xml version="1.0" encoding="UTF-8"?>
<refentry version="5.0-subset Scilab" xmlns="http://docbook.org/ns/docbook"
          xmlns:xlink="http://www.w3.org/1999/xlink"
          xmlns:xi="http://www.w3.org/2001/XInclude"
          xmlns:svg="http://www.w3.org/2000/svg"
          xmlns:mml="http://www.w3.org/1998/Math/MathML"
          xmlns:html="http://www.w3.org/1999/xhtml"
          xmlns:db="http://docbook.org/ns/docbook">
  <refnamediv xml:id="MedianFilter">
    <refname>MedianFilter</refname>

    <refpurpose>は中位数フィルタを画像に適用する </refpurpose>
  </refnamediv>

  <refsynopsisdiv>
    <title>呼び出し</title>

    <synopsis>FilteredImage = MedianFilter(OriginalImage, FilterSize);</synopsis>
  </refsynopsisdiv>

  <refsection>
    <title>引数</title>

    <variablelist>
      <varlistentry>
        <term>OriginalImage</term>

        <listitem>
          <para>2次元の行列で、型はboolean、uint8、uint16、uint32又はdoubleである</para>
        </listitem>
      </varlistentry>

      <varlistentry>
        <term>FilterSize</term>

        <listitem>
          <para>構成要素2つになるベクトルで、1つ目はフィルタの行の数を指定して、2目は列の数を指定する</para>
        </listitem>
      </varlistentry>

      <varlistentry>
        <term>FilteredImage</term>

        <listitem>
          <para>行列で、次元と型はOriginalImageと同じである</para>
        </listitem>
      </varlistentry>
    </variablelist>
  </refsection>

  <refsection>
    <title>説明</title>

    <para>本関数は中位数フィルタを画像に適用する 。</para>
  </refsection>

  <refsection>
    <title>例</title>

    <programlisting role="example">OriginalImage = zeros(9, 9);      // Image is generated

OriginalImage(4 : 6, 4 : 6) = 1;  // block of object pixels is generated

OriginalImage(5, 2) = 1;          // single object pixel is set, will disappear after filtering

FilterSize = [3 3];               // filter has three rows and three columns

FilteredImage = MedianFilter(OriginalImage, FilterSize) </programlisting>
  </refsection>

  <refsection>
    <title></title>

    <simplelist type="inline">
      <member></member>
    </simplelist>
  </refsection>
</refentry>
