<?xml version="1.0" encoding="UTF-8"?>
<refentry version="5.0-subset Scilab" xmlns="http://docbook.org/ns/docbook"
          xmlns:xlink="http://www.w3.org/1999/xlink"
          xmlns:xi="http://www.w3.org/2001/XInclude"
          xmlns:svg="http://www.w3.org/2000/svg"
          xmlns:mml="http://www.w3.org/1998/Math/MathML"
          xmlns:html="http://www.w3.org/1999/xhtml"
          xmlns:db="http://docbook.org/ns/docbook">
  <refnamediv xml:id="MorphologicalFilter">
    <refname>MorphologicalFilter</refname>

    <refpurpose>は形態学のフィルタを画像に適用する</refpurpose>
  </refnamediv>

  <refsynopsisdiv>
    <title>呼び出し</title>

    <synopsis>FilteredImage = MorphologicalFilter(Image, FilterType, LogicalMatrix);</synopsis>
  </refsynopsisdiv>

  <refsection>
    <title>引数</title>

    <variablelist>
      <varlistentry>
        <term>Image</term>

        <listitem>
          <para>2次元の行列で、型はuint8、uint16、uint32又はdoubleである</para>
        </listitem>
      </varlistentry>

      <varlistentry>
        <term>FilterType</term>

        <listitem>
          <para>フィルタの種類を表し、可能の値は「FILTER_DILATE」、「FILTER_ERODE」、「FILTER_CLOSE」、「FILTER_OPEN」、「FILTER_TOP_HAT」又は「FILTER_BOTTOM_HAT」という定数である</para>
        </listitem>
      </varlistentry>

      <varlistentry>
        <term>LogicalMatrix</term>

        <listitem>
          <para>2次元の行列で、型はbooleanである</para>
        </listitem>
      </varlistentry>

      <varlistentry>
        <term>FilteredImage</term>

        <listitem>
          <para>行列で、次元と型はImageと同じである</para>
        </listitem>
      </varlistentry>
    </variablelist>
  </refsection>

  <refsection>
    <title>説明</title>

    <para>本関数は形態学のフィルタを画像に適用する。DilateImage、ErodeImage、CloseImage、OpenImage、TopHat及びBottomHatは本関数を呼び出す。従って、ユーザーが本関数を呼び出すことは必要ではない。</para>
  </refsection>

  <refsection>
    <title>例</title>

    <programlisting role="example">Image = 0.5 * ones(9, 9) // generate gray image

Image(:, 3) = 0 // draw dark line

Image(:, 7) = 1 // draw light line

StructureElement = CreateStructureElement('square', 3) // generate structuring element

global FILTER_DILATE;

ResultImage = MorphologicalFilter(Image, FILTER_DILATE, StructureElement.Data)</programlisting>
  </refsection>

  <refsection>
    <title>参考</title>

    <simplelist type="inline">
      <member><link linkend="DilateImage">DilateImage</link></member>
      <member><link linkend="ErodeImage">ErodeImage</link></member>

      <member><link linkend="CloseImage">CloseImage</link></member>

      <member><link linkend="OpenImage">OpenImage</link></member>

      <member><link linkend="TopHat">TopHat</link></member>

      <member><link linkend="BottomHat">BottomHat</link></member>

      <member><link
      linkend="CreateStructureElement">CreateStructureElement</link></member>
    </simplelist>
  </refsection>
</refentry>
