<?xml version="1.0" encoding="UTF-8"?>
<refentry version="5.0-subset Scilab" xmlns="http://docbook.org/ns/docbook"
          xmlns:xlink="http://www.w3.org/1999/xlink"
          xmlns:xi="http://www.w3.org/2001/XInclude"
          xmlns:svg="http://www.w3.org/2000/svg"
          xmlns:mml="http://www.w3.org/1998/Math/MathML"
          xmlns:html="http://www.w3.org/1999/xhtml"
          xmlns:db="http://docbook.org/ns/docbook">
  <refnamediv xml:id="PadImage">
    <refname>PadImage</refname>

    <refpurpose>は画像に行及び列を加える</refpurpose>
  </refnamediv>

  <refsynopsisdiv>
    <title>呼び出し</title>

    <synopsis>PaddedImage = PadImage(Image, PadValue, Left, Right, Up, Down);</synopsis>
  </refsynopsisdiv>

  <refsection>
    <title>引数</title>

    <variablelist>
      <varlistentry>
        <term>Image</term>

        <listitem>
          <para>2次元の行列で、型はuint8、uint16、uint32、double又はbooleanである</para>
        </listitem>
      </varlistentry>

      <varlistentry>
        <term>PadValue</term>

        <listitem>
          <para>加えられた画素の値である</para>
        </listitem>
      </varlistentry>

      <varlistentry>
        <term>Left</term>

        <listitem>
          <para>左に加えられる列の数である</para>
        </listitem>
      </varlistentry>

      <varlistentry>
        <term>Right</term>

        <listitem>
          <para>右に加えられる列の数である</para>
        </listitem>
      </varlistentry>

      <varlistentry>
        <term>Up</term>

        <listitem>
          <para>上にに加えられる行の数である</para>
        </listitem>
      </varlistentry>

      <varlistentry>
        <term>Down</term>

        <listitem>
          <para>下にに加えられる行の数である</para>
        </listitem>
      </varlistentry>

      <varlistentry>
        <term>PaddedImage</term>

        <listitem>
          <para>行列で、型はImageと同じである</para>
        </listitem>
      </varlistentry>
    </variablelist>
  </refsection>

  <refsection>
    <title>説明</title>

    <para>本関数は画像に行及び列を加える。</para>
  </refsection>

  <refsection>
    <title>例</title>

    <programlisting role="example">Image = rand(3, 3) // generate random image

PaddedImage = PadImage(Image, 0, 1, 1, 1, 1)</programlisting>
  </refsection>

  <refsection>
    <title></title>

    <simplelist type="inline">
      <member></member>
    </simplelist>
  </refsection>
</refentry>
