<?xml version="1.0" encoding="UTF-8"?>
<refentry version="5.0-subset Scilab" xmlns="http://docbook.org/ns/docbook"
          xmlns:xlink="http://www.w3.org/1999/xlink"
          xmlns:xi="http://www.w3.org/2001/XInclude"
          xmlns:svg="http://www.w3.org/2000/svg"
          xmlns:mml="http://www.w3.org/1998/Math/MathML"
          xmlns:html="http://www.w3.org/1999/xhtml"
          xmlns:db="http://docbook.org/ns/docbook">
  <refnamediv xml:id="ReadImageFile">
    <refname>ReadImageFile</refname>

    <refpurpose>はグラフィック・ファイルを読み込んで、ReadImageに呼び出される</refpurpose>
  </refnamediv>

  <refsynopsisdiv>
    <title>呼び出し</title>

    <synopsis>[PixelList Dimensions] = ReadImageFile(ImagePath);</synopsis>
  </refsynopsisdiv>

  <refsection>
    <title>引数</title>

    <variablelist>
      <varlistentry>
        <term>ImagePath</term>

        <listitem>
          <para>ファイルの名前又はパスである</para>
        </listitem>
      </varlistentry>

      <varlistentry>
        <term>PixelList</term>

        <listitem>
          <para>画素のグレイ値又は色の値を含むベクトルである</para>
        </listitem>
      </varlistentry>

      <varlistentry>
        <term>Dimensions</term>

        <listitem>
          <para>画像の行、列とチャネルの数を含むベクトルである</para>
        </listitem>
      </varlistentry>
    </variablelist>
  </refsection>

  <refsection>
    <title>説明</title>

    <para>本関数か画像ファイルを読み込んで、画素の値のリストと行、列とチャネルの数を返す。ReadImageが本関数を呼びさすので、ユーザーが本関数を呼び出すことは必要ではない。</para>
  </refsection>

  <refsection>
    <title>例</title>

    <programlisting role="example">global IPD_PATH;

RGB = ReadImage(IPD_PATH + 'demos\teaset.png');

RGB = matrix(PixelList, Dimensions);

ShowColorImage(RGB, 'Result');</programlisting>
  </refsection>

  <refsection>
    <title>参考</title>

    <simplelist type="inline">
      <member><link linkend="ReadImage">ReadImage</link></member>

      <member><link linkend="WriteImage">WriteImage</link></member>

      <member><link linkend="WriteImageFile">WriteImageFile</link></member>
    </simplelist>
  </refsection>
</refentry>
