<?xml version="1.0" encoding="UTF-8"?>
<refentry version="5.0-subset Scilab" xmlns="http://docbook.org/ns/docbook"
          xmlns:xlink="http://www.w3.org/1999/xlink"
          xmlns:xi="http://www.w3.org/2001/XInclude"
          xmlns:svg="http://www.w3.org/2000/svg"
          xmlns:mml="http://www.w3.org/1998/Math/MathML"
          xmlns:html="http://www.w3.org/1999/xhtml"
          xmlns:db="http://docbook.org/ns/docbook">
  <refnamediv xml:id="RGB2Ind">
    <refname>RGB2Ind</refname>

    <refpurpose>はRGB空間の画像を色の表のインデックスとして現れる画像へ変換する</refpurpose>
  </refnamediv>

  <refsynopsisdiv>
    <title>Calling Sequence</title>

    <synopsis>[IndexImage ColorMap] = RGB2Ind(RGB);</synopsis>
  </refsynopsisdiv>

  <refsection>
    <title>Parameters</title>

    <variablelist>
      <varlistentry>
        <term>RGB</term>

        <listitem>
          <para>3次元の行列で、型はuint8、uint16、uint32又はdoubleである。</para>
        </listitem>
      </varlistentry>

      <varlistentry>
        <term>IndexImage</term>

        <listitem>
          <para>2次元の行列で、行と列の数はRGBと同じである</para>
        </listitem>
      </varlistentry>

      <varlistentry>
        <term>ColorMap</term>

        <listitem>
          <para>行列で、行の数はRGBの画素数と同じで、列の数は3つである。本数の引数は必要である</para>
        </listitem>
      </varlistentry>
    </variablelist>
  </refsection>

  <refsection>
    <title>説明</title>

    <para>本関数はRGB空間の画像を色の表のインデックスとして現れる画像へ変換する。</para>
  </refsection>

  <refsection>
    <title>例</title>

    <programlisting role="example">RGB = rand(3, 3, 3) // generate random image

[IndexedImage, ColorMap] = RGB2Ind(RGB) // RGB is converted to an indexed image

FigureHandle = ShowImage(IndexedImage, 'Example', ColorMap); // IndexedImage is displayed</programlisting>
  </refsection>

  <refsection>
    <title>参考</title>

    <simplelist type="inline">
      <member><link linkend="Ind2RGB">Ind2RGB</link></member>

      <member><link linkend="ShowImage">ShowImage</link></member>

      <member><link linkend="ShowColorImage">ShowColorImage</link></member>

      <member><link
      linkend="DrawBoundingBoxes">DrawBoundingBoxes</link></member>
    </simplelist>
  </refsection>
</refentry>
