<?xml version="1.0" encoding="UTF-8"?>
<refentry version="5.0-subset Scilab" xmlns="http://docbook.org/ns/docbook"
          xmlns:xlink="http://www.w3.org/1999/xlink"
          xmlns:xi="http://www.w3.org/2001/XInclude"
          xmlns:svg="http://www.w3.org/2000/svg"
          xmlns:mml="http://www.w3.org/1998/Math/MathML"
          xmlns:html="http://www.w3.org/1999/xhtml"
          xmlns:db="http://docbook.org/ns/docbook">
  <refnamediv xml:id="RGB2Gray">
    <refname>RGB2Gray</refname>

    <refpurpose>はRGB画像をグレイスケールへ変換する</refpurpose>
  </refnamediv>

  <refsynopsisdiv>
    <title>呼び出し</title>

    <synopsis>Image = RGB2Gray(RGB);</synopsis>
  </refsynopsisdiv>

  <refsection>
    <title>引数</title>

    <variablelist>
      <varlistentry>
        <term>RGB</term>

        <listitem>
          <para>3次元の行列で、型はuint8、uint16、uint32又はdoubleである。</para>
        </listitem>
      </varlistentry>

      <varlistentry>
        <term>Image</term>

        <listitem>
          <para>2次元の行列で、行と列の数及び方はRGBと同じである</para>
        </listitem>
      </varlistentry>
    </variablelist>
  </refsection>

  <refsection>
    <title>説明</title>

    <para>本関数はRGB画像をグレイスケールへ変換する。</para>
  </refsection>

  <refsection>
    <title>例</title>

    <programlisting role="example">global IPD_PATH;

RGB = ReadImage(IPD_PATH + 'demos\teaset.png');

Image = RGB2Gray(RGB);

figure(); ShowImage(Image, 'Gray Level Image');</programlisting>
  </refsection>

  <refsection>
    <title>参考</title>

    <simplelist type="inline">
      <member><link linkend="RGB2LAB">RGB2LAB</link></member>

      <member><link linkend="LAB2RGB">LAB2RGB</link></member>

      <member><link
      linkend="ConvertColorSpace">ConvertColorSpace</link></member>
    </simplelist>
  </refsection>
</refentry>
