<?xml version="1.0" encoding="UTF-8"?>
<refentry version="5.0-subset Scilab" xmlns="http://docbook.org/ns/docbook"
          xmlns:xlink="http://www.w3.org/1999/xlink"
          xmlns:xi="http://www.w3.org/2001/XInclude"
          xmlns:svg="http://www.w3.org/2000/svg"
          xmlns:mml="http://www.w3.org/1998/Math/MathML"
          xmlns:html="http://www.w3.org/1999/xhtml"
          xmlns:db="http://docbook.org/ns/docbook">
  <refnamediv xml:id="SearchBlobs">
    <refname>SearchBlobs</refname>

    <refpurpose>は2値の画像におけるブロブを探索する</refpurpose>
  </refnamediv>

  <refsynopsisdiv>
    <title>呼び出し</title>

    <synopsis>BlobImage = SearchBlobs(Image);
</synopsis>
  </refsynopsisdiv>

  <refsection>
    <title>引数</title>

    <variablelist>
      <varlistentry>
        <term>Image</term>

        <listitem>
          <para>2次元の行列で、型はbooleanである</para>
        </listitem>
      </varlistentry>

      <varlistentry>
        <term>BlobImage</term>

        <listitem>
          <para>2次元の行列で、型はint32(Scilab 5.2.0が使用されるとき)又はuint32(Scilab
          5.2.1が使用されるとき)である</para>
        </listitem>
      </varlistentry>
    </variablelist>
  </refsection>

  <refsection>
    <title>説明</title>

    <para>本関数は2値の画像におけるつながれている領域を探索する。同じ領域に所属する画素は同じ整数に写像され、この整数は1以上である。領域に所属しない画素へ0に写像される。</para>
  </refsection>

  <refsection>
    <title>例</title>

    <programlisting role="example">Image = rand(9, 9) // generate random image

Threshold = CalculateOtsuThreshold(Image); // calculate a threshold

BinaryImage = SegmentByThreshold(Image, Threshold) // segment image

BlobImage = SearchBlobs(BinaryImage)</programlisting>
  </refsection>

  <refsection>
    <title>参考</title>

    <simplelist type="inline">
      <member><link linkend="FilterBySize">FilterBySize</link></member>

      <member><link
      linkend="CreateFeatureStruct">CreateFeatureStruct</link></member>

      <member><link linkend="AnalyzeBlobs">AnalyzeBlobs</link></member>

      <member><link
      linkend="CreateSizeHistogram">CreateSizeHistogram</link></member>

      <member><link
      linkend="CumulateSizeHistogram">CumulateSizeHistogram</link></member>

      <member><link
      linkend="CreatePixelIndexList">CreatePixelIndexList</link></member>
    </simplelist>
  </refsection>
</refentry>
