<?xml version="1.0" encoding="UTF-8"?>
<refentry version="5.0-subset Scilab" xmlns="http://docbook.org/ns/docbook"
          xmlns:xlink="http://www.w3.org/1999/xlink"
          xmlns:xi="http://www.w3.org/2001/XInclude"
          xmlns:svg="http://www.w3.org/2000/svg"
          xmlns:mml="http://www.w3.org/1998/Math/MathML"
          xmlns:html="http://www.w3.org/1999/xhtml"
          xmlns:db="http://docbook.org/ns/docbook">
  <refnamediv xml:id="SegmentByThreshold">
    <refname>SegmentByThreshold</refname>

    <refpurpose>はスレショールドを用いて画像を分割する</refpurpose>
  </refnamediv>

  <refsynopsisdiv>
    <title>呼び出し</title>

    <synopsis>SegmentedImage = SegmentByThreshold(Image, Threshold);</synopsis>
  </refsynopsisdiv>

  <refsection>
    <title>引数</title>

    <variablelist>
      <varlistentry>
        <term>Image</term>

        <listitem>
          <para>2次元の行列で、型はuint8、uint16、uint32又はdoubleである</para>
        </listitem>
      </varlistentry>

      <varlistentry>
        <term>Threshold</term>

        <listitem>
          <para>スカーラルである</para>
        </listitem>
      </varlistentry>

      <varlistentry>
        <term>SegmentedImage</term>

        <listitem>
          <para>次元はImageと同じで、型はbooleanである</para>
        </listitem>
      </varlistentry>
    </variablelist>
  </refsection>

  <refsection>
    <title>説明</title>

    <para>本関数はスレショールドを用いて画像を分割する。スレショールド以上のグレイ値は%tに写像され、スレショールド未満のグレイ値は%fに写像される。</para>
  </refsection>

  <refsection>
    <title>例</title>

    <programlisting role="example">Image = rand(3, 3) // generate random image

Threshold = CalculateOtsuThreshold(Image) // determine a threshold

SegmentedImage = SegmentByThreshold(Image, Threshold)</programlisting>
  </refsection>

  <refsection>
    <title>参考</title>

    <simplelist type="inline">
      <member><link
      linkend="CalculateOtsuThreshold">CalculateOtsuThreshold</link></member>
    </simplelist>
  </refsection>
</refentry>
