<?xml version="1.0" encoding="UTF-8"?>
<refentry version="5.0-subset Scilab" xmlns="http://docbook.org/ns/docbook"
          xmlns:xlink="http://www.w3.org/1999/xlink"
          xmlns:xi="http://www.w3.org/2001/XInclude"
          xmlns:svg="http://www.w3.org/2000/svg"
          xmlns:mml="http://www.w3.org/1998/Math/MathML"
          xmlns:html="http://www.w3.org/1999/xhtml"
          xmlns:db="http://docbook.org/ns/docbook">
  <refnamediv xml:id="ShowImage">
    <refname>ShowImage</refname>

    <refpurpose>は画像をウィンドーに表示する</refpurpose>
  </refnamediv>

  <refsynopsisdiv>
    <title>呼び出し</title>

    <synopsis>FigureHandle = ShowImage(Image, Title);

FigureHandle = ShowImage(Image, Title, ColorMap);</synopsis>
  </refsynopsisdiv>

  <refsection>
    <title>引数</title>

    <variablelist>
      <varlistentry>
        <term>Image</term>

        <listitem>
          <para>2次元の行列で、型はuint8、uint16、uint32又はdoubleである</para>
        </listitem>
      </varlistentry>

      <varlistentry>
        <term>Title</term>

        <listitem>
          <para>文字列である</para>
        </listitem>
      </varlistentry>

      <varlistentry>
        <term>ColorMap</term>

        <listitem>
          <para>列3つがある行列である</para>
        </listitem>
      </varlistentry>

      <varlistentry>
        <term>FigureHandle</term>

        <listitem>
          <para>Imageが表示されるウィンドーへのハンドル</para>
        </listitem>
      </varlistentry>
    </variablelist>
  </refsection>

  <refsection>
    <title>説明</title>

    <para>本関数は色画像を現在のウィンドーに表示する。ウィンドーは存在しないと、新規なウィンドーが生成される。色画像を本関数で表示できるように、RGB2Indを呼び出すことが必要である。グレイスケールの画像をグレイスケールかpseudo
    colorで表示できる。画像の型はbooleanだと、値が%tの画素は白になって、値が%fの画素は黒くなる。</para>

    <para>本関数を用いてウィンドー1つに画像1枚表示できます。画像2つ以上を同じウィンドーに表示すると、結果は望ましくない可能性がある。</para>
  </refsection>

  <refsection>
    <title>例</title>

    <programlisting role="example">global IPD_PATH;

RGB = ReadImage(IPD_PATH + 'demos\teaset.png');

Image = RGB2Gray(RGB);

figure(); ShowImage(Image, 'Gray Level Image');</programlisting>
  </refsection>

  <refsection>
    <title>参考</title>

    <simplelist type="inline">
      <member><link linkend="Ind2RGB">Ind2RGB</link></member>

      <member><link linkend="RGB2Ind">RGB2Ind</link></member>

      <member><link linkend="ShowColorImage">ShowColorImage</link></member>

      <member><link
      linkend="DrawBoundingBoxes">DrawBoundingBoxes</link></member>
    </simplelist>
  </refsection>
</refentry>
