<?xml version="1.0" encoding="UTF-8"?>
<refentry version="5.0-subset Scilab" xmlns="http://docbook.org/ns/docbook"
          xmlns:xlink="http://www.w3.org/1999/xlink"
          xmlns:xi="http://www.w3.org/2001/XInclude"
          xmlns:svg="http://www.w3.org/2000/svg"
          xmlns:mml="http://www.w3.org/1998/Math/MathML"
          xmlns:html="http://www.w3.org/1999/xhtml"
          xmlns:db="http://docbook.org/ns/docbook">
  <refnamediv xml:id="UpsamleFilter">
    <refname>UpsampleFilter</refname>

    <refpurpose>はベクトルを膨張する</refpurpose>
  </refnamediv>

  <refsynopsisdiv>
    <title>呼び出し</title>

    <synopsis>ExpandedFilter = UpsampleFilter(Filter);</synopsis>
  </refsynopsisdiv>

  <refsection>
    <title>引数</title>

    <variablelist>
      <varlistentry>
        <term>Filter</term>

        <listitem>
          <para>ベクトルで、型はdoubleである</para>
        </listitem>
      </varlistentry>

      <varlistentry>
        <term>ExpandedFilter</term>

        <listitem>
          <para>ベクトルで、型はdoubleである</para>
        </listitem>
      </varlistentry>
    </variablelist>
  </refsection>

  <refsection>
    <title>説明</title>

    <para>本関数はベクトルの構成要素間にゼロを挿入してベクトルを膨張する。<link
    linkend="CreateWaveletFrames">CreateWaveletFrames</link>は本関数を呼び出す。</para>
  </refsection>

  <refsection>
    <title>例</title>

    <programlisting role="example">global WAVELET_DAUBECHIES_2;

OriginalFilter = GetWaveletFilters(WAVELET_DAUBECHIES_2);

ExpandedLowPass = UpsampleFilter(OriginalFilter.LowPass)

ExpandedHighPass = UpsampleFilter(OriginalFilter.HighPass)</programlisting>
  </refsection>

  <refsection>
    <title>参考</title>

    <simplelist type="inline">
      <member><link
      linkend="GetWaveletFilters">GetWaveletFilters</link></member>

      <member><link
      linkend="CreateWaveletFrames">CreateWaveletFrames</link></member>

      <member><link linkend="VarianceFilter">VarianceFilter</link></member>

      <member><link
      linkend="ComputeChannelVariance">ComputeChannelVariance</link></member>
    </simplelist>
  </refsection>
</refentry>
