<?xml version="1.0" encoding="UTF-8"?>
<refentry version="5.0-subset Scilab" xmlns="http://docbook.org/ns/docbook"
          xmlns:xlink="http://www.w3.org/1999/xlink"
          xmlns:xi="http://www.w3.org/2001/XInclude"
          xmlns:svg="http://www.w3.org/2000/svg"
          xmlns:mml="http://www.w3.org/1998/Math/MathML"
          xmlns:html="http://www.w3.org/1999/xhtml"
          xmlns:db="http://docbook.org/ns/docbook">
  <refnamediv xml:id="Watershed">
    <refname>Watershed</refname>

    <refpurpose>はウォータシェド変換を画像に適用する</refpurpose>
  </refnamediv>

  <refsynopsisdiv>
    <title>呼び出し</title>

    <synopsis>SegmentedImage = Watershed(Image, Marker);</synopsis>
  </refsynopsisdiv>

  <refsection>
    <title>引数</title>

    <variablelist>
      <varlistentry>
        <term>Image</term>

        <listitem>
          <para>2次元の行列で、型はuint8である</para>
        </listitem>
      </varlistentry>

      <varlistentry>
        <term>Marker</term>

        <listitem>
          <para>2次元の行列で、型はbooleanで、値が%tの画像はウォータシェド変換の最初点である</para>
        </listitem>
      </varlistentry>

      <varlistentry>
        <term>SegmentedImage</term>

        <listitem>
          <para>行列で、次元はImageと同じで、型はint32である</para>
        </listitem>
      </varlistentry>
    </variablelist>
  </refsection>

  <refsection>
    <title>説明</title>

    <para>本関数はウォータシェド変換を画像に適用する。</para>
  </refsection>

  <refsection>
    <title>例</title>

    <programlisting role="example">global IPD_PATH;

RGB = ReadImage(IPD_PATH + 'demos\teaset.png');

Image = RGB2Gray(RGB);

global EDGE_SOBEL;

Gradient = EdgeFilter(Image, EDGE_SOBEL);

EdgeImage = ~SegmentByThreshold(Gradient, 60);

DistanceImage = DistanceTransform(EdgeImage);

ThresholdImage = SegmentByThreshold(DistanceImage, 8);
          
MarkerImage = SearchBlobs(ThresholdImage);

SegmentedImage = Watershed(Gradient, MarkerImage);

figure();

ColorMapLength = length(unique(SegmentedImage));

ShowImage(SegmentedImage, ...
                        'Result of Watershed Transform', ...
                        jetcolormap(ColorMapLength));  
</programlisting>
  </refsection>

  <refsection>
    <title>参考</title>

    <simplelist type="inline">
      <member><link
      linkend="DistanceTransform">DistanceTransform</link></member>

      <member><link linkend="EdgeFilter">EdgeFilter</link></member>
    </simplelist>
  </refsection>
</refentry>
