<?xml version="1.0" encoding="UTF-8"?>
<refentry version="5.0-subset Scilab" xmlns="http://docbook.org/ns/docbook"
          xmlns:xlink="http://www.w3.org/1999/xlink"
          xmlns:xi="http://www.w3.org/2001/XInclude"
          xmlns:svg="http://www.w3.org/2000/svg"
          xmlns:mml="http://www.w3.org/1998/Math/MathML"
          xmlns:html="http://www.w3.org/1999/xhtml"
          xmlns:db="http://docbook.org/ns/docbook">
  <refnamediv xml:id="WriteImage">
    <refname>WriteImage</refname>

    <refpurpose>は画像を蓄積する</refpurpose>
  </refnamediv>

  <refsynopsisdiv>
    <title>呼び出し</title>

    <synopsis>WriteImage(Image, FilePath);</synopsis>
  </refsynopsisdiv>

  <refsection>
    <title>引数</title>

    <variablelist>
      <varlistentry>
        <term>Image</term>

        <listitem>
          <para>2次元又は3次元の行列で、型はuint8、uint16、uint32又はdoubleである</para>
        </listitem>
      </varlistentry>

      <varlistentry>
        <term>ImagePath</term>

        <listitem>
          <para>ファイルの名前又はパスである</para>
        </listitem>
      </varlistentry>
    </variablelist>
  </refsection>

  <refsection>
    <title>説明</title>

    <para>本関数は画像をファイルとして蓄積する。蓄積された画像の型はuint8で、チャネルの数は1つ又は3つである。</para>

    <para>画像の型はdoubleかbooleanだと、グレイ値か色の値は0から255までの整数へ変換される。</para>

    <para>画像の型はIuint16かuint32で、値は255を超えないと、画素の値は変わられない。最大値は255を超えると、0を超える値は1から255までの数へ変換されて、0である画素は変われない変られない。</para>
  </refsection>

  <refsection>
    <title>例</title>

    <programlisting role="example">global IPD_PATH;

OriginalImage = ReadImage(IPD_PATH + 'demos\teaset.png'); // image is loaded

WriteImage(OriginalImage, IPD_PATH + 'demos\copy.png'); // copy of image is saved

CopiedImage = ReadImage(IPD_PATH + 'demos\copy.png'); // copy is read

figure(); ShowColorImage(OriginalImage, 'Original'); // original image is displayed

figure(); ShowColorImage(CopiedImage, 'Copy'); // copy is displayed</programlisting>
  </refsection>

  <refsection>
    <title>参考</title>

    <simplelist type="inline">
      <member><link linkend="ReadImage">ReadImage</link></member>

      <member><link linkend="ReadImageFile">ReadImageFile</link></member>

      <member><link linkend="WriteImageFile">WriteImageFile</link></member>
    </simplelist>
  </refsection>
</refentry>
