<?xml version="1.0" encoding="UTF-8"?>
<refentry version="5.0-subset Scilab" xmlns="http://docbook.org/ns/docbook"
          xmlns:xlink="http://www.w3.org/1999/xlink"
          xmlns:xi="http://www.w3.org/2001/XInclude"
          xmlns:svg="http://www.w3.org/2000/svg"
          xmlns:mml="http://www.w3.org/1998/Math/MathML"
          xmlns:html="http://www.w3.org/1999/xhtml"
          xmlns:db="http://docbook.org/ns/docbook">
  <refnamediv xml:id="WriteImageFile">
    <refname>WriteImageFile</refname>

    <refpurpose>は画像を蓄積して、WriteImageに呼び出される</refpurpose>
  </refnamediv>

  <refsynopsisdiv>
    <title>呼び出し</title>

    <synopsis>Success = WriteImageFile(PixelList, Dimensions, ImagePath);</synopsis>
  </refsynopsisdiv>

  <refsection>
    <title>Parameters</title>

    <variablelist>
      <varlistentry>
        <term>PixelList</term>

        <listitem>
          <para>画素のグレイ値又は色の値を含むベクトルで、型はuint8である</para>
        </listitem>
      </varlistentry>

      <varlistentry>
        <term>Dimensions</term>

        <listitem>
          <para>画像の行、列とチャネルの数を含むベクトルで、型はdoubleである</para>
        </listitem>
      </varlistentry>

      <varlistentry>
        <term>ImagePath</term>

        <listitem>
          <para>ファイルの名前又はパスである</para>
        </listitem>
      </varlistentry>

      <varlistentry>
        <term>Success</term>

        <listitem>
          <para>booleanのスカーラルで、画像は正しく蓄積されるときに%tで、エラーが起こるときにファイルの名前又はパスである%fである</para>
        </listitem>
      </varlistentry>
    </variablelist>
  </refsection>

  <refsection>
    <title>説明</title>

    <para>本関数は画像を蓄積する。WriteImageが本関数を呼び出すので、 ユーザーが本関数を呼び出すことは必要ではない。</para>
  </refsection>

  <refsection>
    <title>例</title>

    <programlisting role="example">TestImageData = uint8(0 : 255); // gray values of test image are generated

Dimensions = [16 16 1];

global IPD_PATH;

ImagePath = IPD_PATH + 'demos\test.png';

Success = WriteImageFile(TestImageData, Dimensions, ImagePath);</programlisting>
  </refsection>

  <refsection>
    <title>参考</title>

    <simplelist type="inline">
      <member><link linkend="ReadImage">ReadImage</link></member>

      <member><link linkend="WriteImage">WriteImage</link></member>

      <member><link linkend="ReadImageFile">ReadImageFile</link></member>

      <member><link linkend="WriteImageFile">WriteImageFile</link></member>
    </simplelist>
  </refsection>
</refentry>
