<?xml version="1.0" encoding="UTF-8"?>
<refentry version="5.0-subset Scilab" xmlns="http://docbook.org/ns/docbook"
          xmlns:xlink="http://www.w3.org/1999/xlink"
          xmlns:xi="http://www.w3.org/2001/XInclude"
          xmlns:svg="http://www.w3.org/2000/svg"
          xmlns:mml="http://www.w3.org/1998/Math/MathML"
          xmlns:html="http://www.w3.org/1999/xhtml"
          xmlns:db="http://docbook.org/ns/docbook">
  <refnamediv xml:id="AnalyzeBlobs">
    <refname>AnalyzeBlobs</refname>

    <refpurpose>berechnet Merkmale von Blobs</refpurpose>
  </refnamediv>

  <refsynopsisdiv>
    <title>Aufruf</title>

    <synopsis>BlobStatistik = AnalyzeBlobs(ObjektBild, WirdBerechnet);</synopsis>
  </refsynopsisdiv>

  <refsection>
    <title>Parameter</title>

    <variablelist>
      <varlistentry>
        <term>ObjektBild</term>

        <listitem>
          <para>2D-Matrix vom Typ int32 or uint32, sollte durch SearchBlobs
          oder FilterBySize generiert worden sein</para>
        </listitem>
      </varlistentry>

      <varlistentry>
        <term>WirdBerechnet</term>

        <listitem>
          <para>Struktur, die zu jedem Merkmal angibt, ob es berechnet wird
          oder nicht. Diese Struktur muss die folgenden Komponenten vom Typ
          boolean haben:</para>

          <itemizedlist>
            <listitem>
              <para>BoundingBox: Spaltenvektor mit den vier Elementen
              [ObenLinksSpalte; ObenLinksZeile; Breite; Hoehe].</para>
            </listitem>

            <listitem>
              <para>Centroid: Vektor mit den Elementen [ZentroidSpalte,
              ZentroidZeile].</para>
            </listitem>

            <listitem>
              <para>PixelIndexList: Spaltenvektor, der die linearen Indices
              aller Pixel eines Blobs enthält.</para>
            </listitem>

            <listitem>
              <para>PixelList: Matrix mit zwei Spalten, die erste enthält die
              Spalten aller Pixel eines Blobs, die zweite Spalte die
              Zeilen.</para>
            </listitem>
          </itemizedlist>
        </listitem>
      </varlistentry>

      <varlistentry>
        <term>BlobStatistik</term>

        <listitem>
          <para>Liste, die so viele Elemente hat wie es Blobs in ObjektBild
          gibt. Jedes Element enthält eine Struktur, deren Komponenten die
          gleichen Namen haben wie die auf %t gesetzten Komponenten von
          WirdBerechnet.</para>
        </listitem>
      </varlistentry>
    </variablelist>
  </refsection>

  <refsection>
    <title>Beschreibung</title>

    <para>Diese Funktion berechnet Merkmale von Blobs. Für jeden Blob wird
    eine Struktur berechnet und in einer Liste abgelegt. Die Merkmale, die
    berechnet werden sollen, müssen angegeben werden. Der erste Parameter ist
    ein Objektbild. Der zweite Parameter ist eine Struktur mit Komponenten vom
    Typ boolean. Diese Struktur kann mit CreateFeatureStruct initialisiert
    werden.</para>
  </refsection>

  <refsection>
    <title>Beispiel</title>

    <programlisting role="example">global IPD_PATH;

RGB = ReadImage(IPD_PATH + 'demos\teaset.png');

Bild = RGB2Gray(RGB);

SchwellwertBild = SegmentByThreshold(Bild, 200);

ObjektBild = SearchBlobs(SchwellwertBild);

GefiltertesObjektBild = FilterBySize(ObjektBild, 100); // Kleine Objekte werden entfernt.

WirdBerechnet = CreateFeatureStruct(%f); // Struktur mit Merkmalen wird generiert.

WirdBerechnet.BoundingBox = %t; // Für jeden Blob wird das umschließende Rechteck berechnet.

BlobStatistik = AnalyzeBlobs(GefiltertesObjektBild, WirdBerechnet);</programlisting>
  </refsection>

  <refsection>
    <title>Siehe auch</title>

    <simplelist type="inline">
      <member><link linkend="SearchBlobs">SearchBlobs</link></member>

      <member><link linkend="FilterBySize">FilterBySize</link></member>

      <member><link
      linkend="CreateFeatureStruct">CreateFeatureStruct</link></member>

      <member><link
      linkend="CreateSizeHistogram">CreateSizeHistogram</link></member>

      <member><link
      linkend="CumulateSizeHistogram">CumulateSizeHistogram</link></member>

      <member><link
      linkend="CreatePixelIndexList">CreatePixelIndexList</link></member>
    </simplelist>
  </refsection>
</refentry>
