<?xml version="1.0" encoding="UTF-8"?>
<refentry version="5.0-subset Scilab" xmlns="http://docbook.org/ns/docbook"
          xmlns:xlink="http://www.w3.org/1999/xlink"
          xmlns:xi="http://www.w3.org/2001/XInclude"
          xmlns:svg="http://www.w3.org/2000/svg"
          xmlns:mml="http://www.w3.org/1998/Math/MathML"
          xmlns:html="http://www.w3.org/1999/xhtml"
          xmlns:db="http://docbook.org/ns/docbook">
  <refnamediv xml:id="CalculateOtsuThreshold">
    <refname>CalculateOtsuThreshold</refname>

    <refpurpose>berechnet Schwellwert mit dem Verfahren von Otsu</refpurpose>
  </refnamediv>

  <refsynopsisdiv>
    <title>Aufruf</title>

    <synopsis>Schwellwert = CalculateOtsuThreshold(Bild);</synopsis>
  </refsynopsisdiv>

  <refsection>
    <title>Parameter</title>

    <variablelist>
      <varlistentry>
        <term>Bild</term>

        <listitem>
          <para>2D-Matrix vom Typ uint8, uint16, uint32 oder double</para>
        </listitem>
      </varlistentry>

      <varlistentry>
        <term>Schwellwert</term>

        <listitem>
          <para>Resultat der Schwellwertberechnung, hat den gleichen Typ wie
          Bild.</para>
        </listitem>
      </varlistentry>
    </variablelist>
  </refsection>

  <refsection>
    <title>Beschreibung</title>

    <para>Diese Funktion berechnet zu einem numerischen Bild den Schwellwert
    nach dem Verfahren von Otsu.</para>
  </refsection>

  <refsection>
    <title>Beispiel</title>

    <programlisting role="example">global IPD_PATH;

RGB = ReadImage(IPD_PATH + 'demos\teaset.png');

Bild = RGB2Gray(RGB);

Bild = uint8(255 * ones(size(Bild, 1), size(Bild, 2))) - Bild;

Schwellwert = CalculateOtsuThreshold(Bild)</programlisting>
  </refsection>

  <refsection>
    <title>Siehe auch</title>

    <simplelist type="inline">
      <member><link
      linkend="SegmentByThreshold">SegmentByThreshold</link></member>
    </simplelist>
  </refsection>
</refentry>
