<?xml version="1.0" encoding="UTF-8"?>
<refentry version="5.0-subset Scilab" xmlns="http://docbook.org/ns/docbook"
          xmlns:xlink="http://www.w3.org/1999/xlink"
          xmlns:xi="http://www.w3.org/2001/XInclude"
          xmlns:svg="http://www.w3.org/2000/svg"
          xmlns:mml="http://www.w3.org/1998/Math/MathML"
          xmlns:html="http://www.w3.org/1999/xhtml"
          xmlns:db="http://docbook.org/ns/docbook">
  <refnamediv xml:id="CalculateTextureEnergy">
    <refname>CalculateTextureEnergy</refname>

    <refpurpose>berechnet Texturenergie nach dem Verfahren von
    Laws</refpurpose>
  </refnamediv>

  <refsynopsisdiv>
    <title>Aufruf</title>

    <synopsis>TexturBild = CalculateTextureEnergy(Bild, FilterTyp);</synopsis>
  </refsynopsisdiv>

  <refsection>
    <title>Parameter</title>

    <variablelist>
      <varlistentry>
        <term>Bild</term>

        <listitem>
          <para>2D-Matrix vom Typ uint8, uint16, uint32 oder double</para>
        </listitem>
      </varlistentry>

      <varlistentry>
        <term>FilterTyp</term>

        <listitem>
          <para>Konstante vom Typ uint8, kann TEXTURE_EDGE_EDGE,
          TEXTURE_EDGE_LEVEL, TEXTURE_EDGE_RIPPLE, TEXTURE_EDGE_SPOT,
          TEXTURE_LEVEL_RIPPLE, TEXTURE_LEVEL_SPOT, TEXTURE_RIPPLE_RIPPLE,
          TEXTURE_RIPPLE_SPOT oder TEXTURE_SPOT_SPOT sein</para>
        </listitem>
      </varlistentry>

      <varlistentry>
        <term>TexturBild</term>

        <listitem>
          <para>2D-Matrix vom Typ double, ist genauso groß wie Bild</para>
        </listitem>
      </varlistentry>
    </variablelist>
  </refsection>

  <refsection>
    <title>Beschreibung</title>

    <para>Diese Funktion berechnet Texturenergie nach dem Verfahren von
    Laws.</para>
  </refsection>

  <refsection>
    <title>Beispiel</title>

    <programlisting role="example">global IPD_PATH;

RGB = ReadImage(IPD_PATH + 'demos\teaset.png');

Bild = RGB2Gray(RGB);

global TEXTURE_EDGE_LEVEL;

TexturBild = CalculateTextureEnergy(Bild, TEXTURE_EDGE_LEVEL);

figure(); ShowImage(TexturBild, 'Textur-Bild', jetcolormap(max(TexturBild)));</programlisting>
  </refsection>

  <refsection>
    <title>Siehe auch</title>

    <simplelist type="inline">
      <member><link linkend="SeparableFilter">SeparableFilter</link></member>
    </simplelist>
  </refsection>
</refentry>
