<?xml version="1.0" encoding="UTF-8"?>
<refentry version="5.0-subset Scilab" xmlns="http://docbook.org/ns/docbook"
          xmlns:xlink="http://www.w3.org/1999/xlink"
          xmlns:xi="http://www.w3.org/2001/XInclude"
          xmlns:svg="http://www.w3.org/2000/svg"
          xmlns:mml="http://www.w3.org/1998/Math/MathML"
          xmlns:html="http://www.w3.org/1999/xhtml"
          xmlns:db="http://docbook.org/ns/docbook">
  <refnamediv xml:id="CloseVideoFile">
    <refname>CloseVideoFile</refname>

    <refpurpose>schließt eine Videodatei</refpurpose>
  </refnamediv>

  <refsynopsisdiv>
    <title>Aufruf</title>

    <synopsis>CloseVideoFile(VideoDateiZeiger);

VideoDatei = CloseVideoFile(VideoDateiZeiger);
</synopsis>
  </refsynopsisdiv>

  <refsection>
    <title>Parameter</title>

    <variablelist>
      <varlistentry>
        <term>VideoDatei</term>

        <listitem>
          <para>Zeiger, referenziert Inhalt einer Videodatei</para>
        </listitem>
      </varlistentry>
    </variablelist>
  </refsection>

  <refsection>
    <title>Beschreibung</title>

    <para>Diese Funktion schließt eine Videodatei.</para>
  </refsection>

  <refsection>
    <title>Beispiel</title>

    <programlisting role="example">VideoPfad = IPD_PATH + 'demos\red-car-video.avi';

VideoInfo = GetVideoStruct(VideoPfad);

VideoDatei = OpenVideoFile(VideoPfad);

figure();

for n = 1 : VideoInfo.NumberOfFrames

 RGB = ReadImage(VideoDatei);

 ShowColorImage(RGB, VideoPfad);

end;

CloseVideoFile(VideoDatei);</programlisting>
  </refsection>

  <refsection>
    <title>Siehe auch</title>

    <simplelist type="inline">
      <member><link linkend="GetVideoStruct">GetVideoStruct</link></member>

      <member><link linkend="OpenVideoFile">OpenVideoFile</link></member>

      <member><link linkend="ReadImage">ReadImage</link></member>

      <member><link linkend="GetVideoInfo">GetVideoInfo</link></member>

      <member><link
      linkend="ReadImageFromVideo">ReadImageFromVideo</link></member>
    </simplelist>
  </refsection>
</refentry>
