<?xml version="1.0" encoding="UTF-8"?>
<refentry version="5.0-subset Scilab" xmlns="http://docbook.org/ns/docbook"
          xmlns:xlink="http://www.w3.org/1999/xlink"
          xmlns:xi="http://www.w3.org/2001/XInclude"
          xmlns:svg="http://www.w3.org/2000/svg"
          xmlns:mml="http://www.w3.org/1998/Math/MathML"
          xmlns:html="http://www.w3.org/1999/xhtml"
          xmlns:db="http://docbook.org/ns/docbook">
  <refnamediv xml:id="ComputeChannelVariance">
    <refname>ComputeChannelVariance</refname>

    <refpurpose>berechnet die Varianz der Grauwerte in einem mehrkanaligen
    Bild</refpurpose>
  </refnamediv>

  <refsynopsisdiv>
    <title>Aufruf</title>

    <synopsis>KanalVarianz = ComputeChannelVariance(MehrKanaligesBild, FilterGroesse);</synopsis>
  </refsynopsisdiv>

  <refsection>
    <title>Parameter</title>

    <variablelist>
      <varlistentry>
        <term>MehrKanaligesBild</term>

        <listitem>
          <para>3D-Matrix vom Typ double</para>
        </listitem>
      </varlistentry>

      <varlistentry>
        <term>FilterGroesse</term>

        <listitem>
          <para>Vektor vom Typ double mit zwei Elementen, das erste gibt die
          Anzahl der Zeilen, das zweite die Anzahl der Spalten an</para>
        </listitem>
      </varlistentry>

      <varlistentry>
        <term>KanalVarianz</term>

        <listitem>
          <para>3D-Matrix mit der gleichen Größe und vom selben Typ wie
          MultiChannelImage</para>
        </listitem>
      </varlistentry>
    </variablelist>
  </refsection>

  <refsection>
    <title>Beschreibung</title>

    <para>Diese Funktion berechnet in einem mehrkanaligen Bild zu jedem Pixel
    die Varianz der Grauwerte in einer Umgebung.</para>
  </refsection>

  <refsection>
    <title>Beispiel</title>

    <programlisting role="example">global WAVELET_DAUBECHIES_2;

global IPD_PATH;

RGB = ReadImage(IPD_PATH + 'demos\small_teaset.png');

Bild = RGB2Gray(RGB);

WaveletBild = CreateWaveletFrames(Bild, WAVELET_DAUBECHIES_2, 3);

KanalVarianz = ComputeChannelVariance(WaveletBild, [9 9]);
</programlisting>
  </refsection>

  <refsection>
    <title>Siehe auch</title>

    <simplelist type="inline">
      <member><link
      linkend="GetWaveletFilters">GetWaveletFilters</link></member>

      <member><link linkend="UpsampleFilter">UpsampleFilter</link></member>

      <member><link
      linkend="CreateWaveletFrames">CreateWaveletFrames</link></member>

      <member><link linkend="VarianceFilter">VarianceFilter</link></member>
    </simplelist>
  </refsection>
</refentry>
