<?xml version="1.0" encoding="UTF-8"?>
<refentry version="5.0-subset Scilab" xmlns="http://docbook.org/ns/docbook"
          xmlns:xlink="http://www.w3.org/1999/xlink"
          xmlns:xi="http://www.w3.org/2001/XInclude"
          xmlns:svg="http://www.w3.org/2000/svg"
          xmlns:mml="http://www.w3.org/1998/Math/MathML"
          xmlns:html="http://www.w3.org/1999/xhtml"
          xmlns:db="http://docbook.org/ns/docbook">
  <refnamediv xml:id="ConvertColorSpace">
    <refname>ConvertColorSpace</refname>

    <refpurpose>wandelt Farbbild in einen anderen Farbraum oder ein
    Grauwertbild um</refpurpose>
  </refnamediv>

  <refsynopsisdiv>
    <title>Aufruf</title>

    <synopsis>Resultat = ConvertColorSpace(PixelListe, Dimensionen, Konvertierung);</synopsis>
  </refsynopsisdiv>

  <refsection>
    <title>Parameter</title>

    <variablelist>
      <varlistentry>
        <term>PixelListe</term>

        <listitem>
          <para>Lineare Liste aller Pixel eines Farbbildes, muss Vektor vom
          Typ uint8 oder double sein</para>
        </listitem>
      </varlistentry>

      <varlistentry>
        <term>Dimensionen</term>

        <listitem>
          <para>Vektor vom Typ double, enthält die Anzahl der Zeilen, Spalten
          und Kanäle</para>
        </listitem>
      </varlistentry>

      <varlistentry>
        <term>Konvertierung</term>

        <listitem>
          <para>Konstante vom Typ uint8, kann CONVERSION_RGB2GRAY,
          CONVERSION_RGB2LAB oder CONVERSION_LAB2RGB sein</para>
        </listitem>
      </varlistentry>

      <varlistentry>
        <term>Resultat</term>

        <listitem>
          <para>Vektor vom gleichen Typ wie PixelListe</para>
        </listitem>
      </varlistentry>
    </variablelist>
  </refsection>

  <refsection>
    <title>Beschreibung</title>

    <para>Diese Funktion wandelt die Pixel eines Farbbildes von einem Farbraum
    in einen anderen um. Wenn die Liste der Pixel vom Typ double ist, wird
    diese intern in float umgewandelt. Diese Funktion wird von RGB2Gray,
    RGB2LAB und LAB2RGB aufgerufen, so dass Sie diese Funktion nicht selbst
    aufrufen müssen.</para>
  </refsection>

  <refsection>
    <title>Beispiel</title>

    <programlisting role="example">global IPD_PATH;

RGB = ReadImage(IPD_PATH + 'demos\teaset.png');

global CONVERSION_RGB2LAB;

LABPixelListe = ConvertColorSpace(RGB(:), size(RGB), CONVERSION_RGB2LAB);

LAB = matrix(LABPixelListe, size(RGB));

figure(); ShowImage(LAB(:, :, 1), 'L*');

figure(); ShowImage(LAB(:, :, 2), 'a*');

figure(); ShowImage(LAB(:, :, 3), 'b*');
</programlisting>
  </refsection>

  <refsection>
    <title>Siehe auch</title>

    <simplelist type="inline">
      <member><link linkend="RGB2Gray">RGB2Gray</link></member>

      <member><link linkend="RGB2LAB">RGB2LAB</link></member>

      <member><link linkend="LAB2RGB">LAB2RGB</link></member>
    </simplelist>
  </refsection>
</refentry>
