<?xml version="1.0" encoding="UTF-8"?>
<refentry version="5.0-subset Scilab" xmlns="http://docbook.org/ns/docbook"
          xmlns:xlink="http://www.w3.org/1999/xlink"
          xmlns:xi="http://www.w3.org/2001/XInclude"
          xmlns:svg="http://www.w3.org/2000/svg"
          xmlns:mml="http://www.w3.org/1998/Math/MathML"
          xmlns:html="http://www.w3.org/1999/xhtml"
          xmlns:db="http://docbook.org/ns/docbook">
  <refnamediv xml:id="CreateHistogram">
    <refname>CreateHistogram</refname>

    <refpurpose>berechnet das Grauwerthistogramm eines Bildes</refpurpose>
  </refnamediv>

  <refsynopsisdiv>
    <title>Aufruf</title>

    <synopsis>Histogramm = CreateHistogram(Bild);

[Histogramm BinListe] = CreateHistogram(Bild);

Histogramm = CreateHistogram(Bild, AnzahlBins);

[Histogramm BinListe] = CreateHistogram(Bild, AnzahlBins);</synopsis>
  </refsynopsisdiv>

  <refsection>
    <title>Parameter</title>

    <variablelist>
      <varlistentry>
        <term>Bild</term>

        <listitem>
          <para>2D-Matrix vom typ uint8, uint16, uint32, double oder
          boolean</para>
        </listitem>
      </varlistentry>

      <varlistentry>
        <term>AnzahlBins</term>

        <listitem>
          <para>Anzahl der Grauwertintervalle für ein Bild vom Typ double.
          Dieser Parameter ist optional und wird ignoriert, wenn Bild einen
          anderen Typ als double hat.</para>
        </listitem>
      </varlistentry>

      <varlistentry>
        <term>Histogramm</term>

        <listitem>
          <para>Zeilenvektor, der die Anzahl der Pixel pro Grauwert oder
          Grauwertintervall enthält.</para>
        </listitem>
      </varlistentry>

      <varlistentry>
        <term>BinListe</term>

        <listitem>
          <para>Zeilenvektor, der die Mittelpunkte der Grauwertintervalle
          (Bins) enthält. Dieser Parameter ist optional.</para>
        </listitem>
      </varlistentry>
    </variablelist>
  </refsection>

  <refsection>
    <title>Beschreibung</title>

    <para>Diese Funktion berechnet das Grauwerthistogramm eines Bildes. Wenn
    das Bild vom Typ double ist, kann die Anzahl der Grauwertintervalle
    angegeben werden.</para>
  </refsection>

  <refsection>
    <title>Beispiel</title>

    <programlisting role="example">global IPD_PATH;

RGB = ReadImage(IPD_PATH + 'demos\teaset.png');

Bild = RGB2Gray(RGB);

figure(); ShowImage(Bild, 'Grauwertbild');

Histogramm = CreateHistogram(Bild, 10);

figure(); plot(Histogramm);</programlisting>
  </refsection>

  <refsection>
    <title>Siehe auch</title>

    <simplelist type="inline">
      <member><link
      linkend="CreateCumulatedHistogram">CreateCumulatedHistogram</link></member>
    </simplelist>
  </refsection>
</refentry>
