<?xml version="1.0" encoding="UTF-8"?>
<refentry version="5.0-subset Scilab" xmlns="http://docbook.org/ns/docbook"
          xmlns:xlink="http://www.w3.org/1999/xlink"
          xmlns:xi="http://www.w3.org/2001/XInclude"
          xmlns:svg="http://www.w3.org/2000/svg"
          xmlns:mml="http://www.w3.org/1998/Math/MathML"
          xmlns:html="http://www.w3.org/1999/xhtml"
          xmlns:db="http://docbook.org/ns/docbook">
  <refnamediv xml:id="CreateStructureElement">
    <refname>CreateStructureElement</refname>

    <refpurpose>generiert ein Strukturierendes Element für einen
    morphologischen Filter</refpurpose>
  </refnamediv>

  <refsynopsisdiv>
    <title>Aufruf</title>

    <synopsis>StrukturElement = CreateStructureElement(Name, Parameter);</synopsis>
  </refsynopsisdiv>

  <refsection>
    <title>Parameter</title>

    <variablelist>
      <varlistentry>
        <term>Name</term>

        <listitem>
          <para>Zeichenkette, kann 'circle', 'square', 'rectangle',
          'vertical_line' , 'horizontal_line' oder 'custom' sein. Groß- und
          Kleinschreibung werden nicht unterschieden.</para>
        </listitem>
      </varlistentry>

      <varlistentry>
        <term>Parameter</term>

        <listitem>
          <para>gibt die Größe des Strukturierenden Elements an, sofern Name
          nicht 'custom' ist. </para>

          <para>Wenn Name is 'rectangle' ist, muss Parameter ein Vektor sein.
          Das erste Element dieses Vektors gibt die Breite und das zweite die
          Höhe an. </para>

          <para>Für alle anderen Werte von name muss Parameter ein Skalar
          sein. Wenn als Name 'circle' angeben wird, ist Parameter des
          Kreises.</para>

          <para>Wenn Name 'custom' ist, muss Parameter eine 2D-Matrix vom Typ
          boolean sein.</para>
        </listitem>
      </varlistentry>

      <varlistentry>
        <term>StrukturElement</term>

        <listitem>
          <para>Struktur mit den Komponenten</para>

          <itemizedlist>
            <listitem>
              <para>Width: Anzahl der Spalten des Strukturierenden
              Elements</para>
            </listitem>

            <listitem>
              <para>Height: Anzahl der Zeilen des Strukturierenden
              Elements</para>
            </listitem>

            <listitem>
              <para>Data: Matrix vom Typ boolean</para>
            </listitem>
          </itemizedlist>
        </listitem>
      </varlistentry>
    </variablelist>
  </refsection>

  <refsection>
    <title>Beschreibung</title>

    <para>Diese Funktion generiert ein Strukturierendes Element. Dieses wird
    durch eine Matrix vom Typ boolean und die Anzahl der Spalten und Zeilen
    dieser Matrix beschrieben.</para>
  </refsection>

  <refsection>
    <title>Beispiel</title>

    <programlisting role="example">StrukturElement = CreateStructureElement('square', 3)</programlisting>
  </refsection>

  <refsection>
    <title>Siehe auch</title>

    <simplelist type="inline">
      <member><link linkend="DilateImage">DilateImage</link></member>

      <member><link linkend="ErodeImage">ErodeImage</link></member>

      <member><link linkend="CloseImage">CloseImage</link></member>

      <member><link linkend="OpenImage">OpenImage</link></member>

      <member><link linkend="TopHat">TopHat</link></member>

      <member><link linkend="BottomHat">BottomHat</link></member>

      <member><link
      linkend="MorphologicalFilter">MorphologicalFilter</link></member>
    </simplelist>
  </refsection>
</refentry>
