<?xml version="1.0" encoding="UTF-8"?>
<refentry version="5.0-subset Scilab" xmlns="http://docbook.org/ns/docbook"
          xmlns:xlink="http://www.w3.org/1999/xlink"
          xmlns:xi="http://www.w3.org/2001/XInclude"
          xmlns:svg="http://www.w3.org/2000/svg"
          xmlns:mml="http://www.w3.org/1998/Math/MathML"
          xmlns:html="http://www.w3.org/1999/xhtml"
          xmlns:db="http://docbook.org/ns/docbook">
  <refnamediv xml:id="CreateFeatureStruct">
    <refname>CreateFeatureStruct</refname>

    <refpurpose>generiert eine Struktur, die als Eingabeparameter für
    AnalyzeBlobs verwendet werden kann</refpurpose>
  </refnamediv>

  <refsynopsisdiv>
    <title>Aufruf</title>

    <synopsis>WirdBerechnet = CreateFeatureStruct(Anfangswert);</synopsis>
  </refsynopsisdiv>

  <refsection>
    <title>Parameter</title>

    <variablelist>
      <varlistentry>
        <term>Anfangswert</term>

        <listitem>
          <para>boolean, gibt an, ob alle Komponenten %t oder %f sein sollen.
          Dieser Parameter ist optional. Voreingestellt is %f.</para>
        </listitem>
      </varlistentry>

      <varlistentry>
        <term>WirdBerechnet</term>

        <listitem>
          <para>Struktur mit den folgenden Komponenten:</para>

          <itemizedlist>
            <listitem>
              <para>BoundingBox: Spaltenvektor mit den vier Elementen
              [ObenLinksSpalte; ObenLinksZeile; Breite; Hoehe].</para>
            </listitem>

            <listitem>
              <para>Centroid: Vektor mit den Elementen [ZentroidSpalte,
              ZentroidZeile].</para>
            </listitem>

            <listitem>
              <para>PixelIndexList: Spaltenvektor, der die linearen Indices
              aller Pixel eines Blobs enthält.</para>
            </listitem>

            <listitem>
              <para>PixelList: Matrix mit zwei Spalten, die erste enthält die
              Spalten aller Pixel eines Blobs, die zweite Spalte die
              Zeilen.</para>
            </listitem>
          </itemizedlist>
        </listitem>
      </varlistentry>
    </variablelist>
  </refsection>

  <refsection>
    <title>Beschreibung</title>

    <para>Diese Funktion generiert eine Struktur, die als Eingabeparameter für
    AnalyzeBlobs verwendet werden kann.</para>
  </refsection>

  <refsection>
    <title>Examples</title>

    <programlisting role="example">WirdBerechnet = CreateFeatureStruct(%t)</programlisting>
  </refsection>

  <refsection>
    <title>Siehe auch</title>

    <simplelist type="inline">
      <member><link linkend="SearchBlobs">SearchBlobs</link></member>

      <member><link linkend="FilterBySize">FilterBySize</link></member>

      <member><link linkend="AnalyzeBlobs">AnalyzeBlobs</link></member>

      <member><link
      linkend="CreateSizeHistogram">CreateSizeHistogram</link></member>

      <member><link
      linkend="CumulateSizeHistogram">CumulateSizeHistogram</link></member>

      <member><link
      linkend="CreatePixelIndexList">CreatePixelIndexList</link></member>
    </simplelist>
  </refsection>
</refentry>
