<?xml version="1.0" encoding="UTF-8"?>
<refentry version="5.0-subset Scilab" xmlns="http://docbook.org/ns/docbook"
          xmlns:xlink="http://www.w3.org/1999/xlink"
          xmlns:xi="http://www.w3.org/2001/XInclude"
          xmlns:svg="http://www.w3.org/2000/svg"
          xmlns:mml="http://www.w3.org/1998/Math/MathML"
          xmlns:html="http://www.w3.org/1999/xhtml"
          xmlns:db="http://docbook.org/ns/docbook">
  <refnamediv xml:id="CreateWaveletFrames">
    <refname>CreateWaveletFrames</refname>

    <refpurpose>wendet Wavelet-Filter auf ein Bild an</refpurpose>
  </refnamediv>

  <refsynopsisdiv>
    <title>Aufruf</title>

    <synopsis>BildListe = CreateWaveletFrames(Bild, WaveletTyp, MaxEbene);</synopsis>
  </refsynopsisdiv>

  <refsection>
    <title>Parameter</title>

    <variablelist>
      <varlistentry>
        <term>Bild</term>

        <listitem>
          <para>2D-Matrix vom Typ uint8, uint16, uint32 oder double</para>
        </listitem>
      </varlistentry>

      <varlistentry>
        <term>WaveletTyp</term>

        <listitem>
          <para>Konstante vom Typ uint8, die folgenden Werte sind
          möglich:</para>

          <itemizedlist>
            <listitem>
              <para>WAVELET_DAUBECHIES_X, 2 &lt;= X &lt;= 20, X = 2 k, k ist
              positive ganze Zahl</para>
            </listitem>

            <listitem>
              <para>WAVLET_COIFLET_Y, 6 &lt;= Y &lt;= 30, Y = 6 k, k ist
              positive ganze Zahl</para>
            </listitem>

            <listitem>
              <para>WAVELET_CDF</para>
            </listitem>
          </itemizedlist>
        </listitem>
      </varlistentry>

      <varlistentry>
        <term>MaxEbene</term>

        <listitem>
          <para>ganze Zahl größer als null</para>
        </listitem>
      </varlistentry>

      <varlistentry>
        <term>BildListe</term>

        <listitem>
          <para>3D-Matrix, die zu jeder Ebene die horizontalen, diagonalen und
          vertikalen Details (in genau dieser Reihenfolge) enthält.
          BildListe(:, :, $) enthält die Approximation auf MaxEbene.</para>
        </listitem>
      </varlistentry>
    </variablelist>
  </refsection>

  <refsection>
    <title>Beschreibung</title>

    <para>Diese Funktion wendet Wavelet-Filter auf ein Bild an. Im Gegensatz
    zur diskreten Wavelettransformation wird nicht bei jeder Iteration das
    Bild abgetastet, sondern die Wavelet-Filter werden ausgedehnt [1].</para>

    <para>[1] Michael Unser, Texture Classification and Segmentation Using
    Wavelet Frames, IEEE Transactions on Image Processing, vol. 4, no. 11,
    november 1995</para>
  </refsection>

  <refsection>
    <title>Beispiel</title>

    <programlisting role="example">global WAVELET_DAUBECHIES_2;

global IPD_PATH;

RGB = ReadImage(IPD_PATH + 'demos\small_teaset.png');

Bild = RGB2Gray(RGB);

ListOfWaveletImages = CreateWaveletFrames(Bild, WAVELET_DAUBECHIES_2, 3);</programlisting>
  </refsection>

  <refsection>
    <title>Siehe auch</title>

    <simplelist type="inline">
      <member><link
      linkend="GetWaveletFilters">GetWaveletFilters</link></member>

      <member><link linkend="UpsampleFilter">UpsampleFilter</link></member>

      <member><link linkend="VarianceFilter">VarianceFilter</link></member>

      <member><link
      linkend="ComputeChannelVariance">ComputeChannelVariance</link></member>
    </simplelist>
  </refsection>
</refentry>
