<?xml version="1.0" encoding="UTF-8"?>
<refentry version="5.0-subset Scilab" xmlns="http://docbook.org/ns/docbook"
          xmlns:xlink="http://www.w3.org/1999/xlink"
          xmlns:xi="http://www.w3.org/2001/XInclude"
          xmlns:svg="http://www.w3.org/2000/svg"
          xmlns:mml="http://www.w3.org/1998/Math/MathML"
          xmlns:html="http://www.w3.org/1999/xhtml"
          xmlns:db="http://docbook.org/ns/docbook">
  <refnamediv xml:id="CreateCumulatedHistogram">
    <refname>CreateCumulatedHistogram</refname>

    <refpurpose>berechnet kumuliertes Grauwerthistogramm</refpurpose>
  </refnamediv>

  <refsynopsisdiv>
    <title>Aufruf</title>

    <synopsis>KumuliertesHistogramm = CreateCumulatedHistogram(Bild);

[KumuliertesHistogramm BinListe] = CreateCumulatedHistogram(Bild);</synopsis>
  </refsynopsisdiv>

  <refsection>
    <title>Parameter</title>

    <variablelist>
      <varlistentry>
        <term>Bild</term>

        <listitem>
          <para>2D-Matrix vom Typ uint8, uint16, uint32 oder double</para>
        </listitem>
      </varlistentry>

      <varlistentry>
        <term>KumuliertesHistogramm</term>

        <listitem>
          <para>Zeilenvektor, enthält das kumulierte Histogramm</para>
        </listitem>
      </varlistentry>

      <varlistentry>
        <term>BinListe</term>

        <listitem>
          <para>Zeilenvektor, enthält eine sortierte Liste aller Grauwerte.
          Jeder Grauwert kommt einmal vor. Dieser Parameter ist
          optional.</para>
        </listitem>
      </varlistentry>
    </variablelist>
  </refsection>

  <refsection>
    <title>Beschreibung</title>

    <para>Diese Funktion berechnet das kumulierte Histogramm eines numerischen
    Bildes. Das kumulierte Histogramm gibt zu jedem Grauwert n an, wieviel
    Prozent aller Pixel einen Grauwert &lt;= n haben.</para>
  </refsection>

  <refsection>
    <title>Beispiel</title>

    <programlisting role="example">global IPD_PATH;

RGB = ReadImage(IPD_PATH + 'demos\teaset.png');

Bild = RGB2Gray(RGB);

figure(); ShowImage(Bild, 'Grauwertbild');

[KumuliertesHistogramm BinListe] = CreateCumulatedHistogram(Bild);

figure(); plot(BinListe, KumuliertesHistogramm);</programlisting>
  </refsection>

  <refsection>
    <title>Siehe auch</title>

    <simplelist type="inline">
      <member><link linkend="CreateHistogram">CreateHistogram</link></member>
    </simplelist>
  </refsection>
</refentry>
