<?xml version="1.0" encoding="UTF-8"?>
<refentry version="5.0-subset Scilab" xmlns="http://docbook.org/ns/docbook"
          xmlns:xlink="http://www.w3.org/1999/xlink"
          xmlns:xi="http://www.w3.org/2001/XInclude"
          xmlns:svg="http://www.w3.org/2000/svg"
          xmlns:mml="http://www.w3.org/1998/Math/MathML"
          xmlns:html="http://www.w3.org/1999/xhtml"
          xmlns:db="http://docbook.org/ns/docbook">
  <refnamediv xml:id="CreatePixelIndexList">
    <refname>CreatePixelIndexList</refname>

    <refpurpose>generiert für jeden Blob eines Bildes eine Liste der linearen
    Indices</refpurpose>
  </refnamediv>

  <refsynopsisdiv>
    <title>Aufruf</title>

    <synopsis>PixelIndexMatrix = CreatePixelIndexList(ObjektBild);</synopsis>
  </refsynopsisdiv>

  <refsection>
    <title>Parameter</title>

    <variablelist>
      <varlistentry>
        <term>ObjektBild</term>

        <listitem>
          <para>2D-Matrix vom Typ uint32</para>
        </listitem>
      </varlistentry>

      <varlistentry>
        <term>PixelIndexMatrix</term>

        <listitem>
          <para>Matrix vom Typ int32 (Scilab 5.2.0) oder uint32 (Scilab 5.2.1
          oder höher). Diese Matrix enthält so Spalten wie ObjektBild Blobs
          und so viele Zeilen wie der größte Blob Pixel. Wenn ein Blob n Pixel
          hat, enthalten die ersten n Zeilen die linearen Indices.</para>
        </listitem>
      </varlistentry>
    </variablelist>
  </refsection>

  <refsection>
    <title>Beschreibung</title>

    <para>Diese Funktion generiert eine Matrix von Pixelindices. Jede Spalte
    entspricht einem Blob. This function creates a matrix of pixel indices.
    Each column corresponds to a blob. Wenn ein Blob n Pixel hat, enthalten
    die ersten n Zeilen die linearen Indices. AnalyzeBlobs ruft diese Funktion
    auf, so dass Sie diese Funktion nicht aufrufen müssen.</para>
  </refsection>

  <refsection>
    <title>Beispiel</title>

    <programlisting role="example">global IPD_PATH;

RGB = ReadImage(IPD_PATH + 'demos\teaset.png');

Bild = RGB2Gray(RGB);

SchwellwertBild = SegmentByThreshold(Bild, 200);

ObjektBild = SearchBlobs(SchwellwertBild);

GefiltertesObjektBild = FilterBySize(ObjektBild, 100); // Kleine Objekte werden entfernt.

WirdBerechnet = GenerateFeatureStruct(%f); // Struktur mit Bildmerkmalen wird generiert.

WirdBerechnet.PixelIndexList = %t; // Für jeden Blob wird die Liste der Pixelindices berechnet.

GroessenHistogramm = CreateHistogram(GefiltertesObjektBild);
 
AnzahlObjekte = length(SizeHistogram) - 1;

PixelIndexMatrix = CreatePixelIndexList(GefiltertesObjektBild);

for n = 1 : AnzahlObjekte
  
 PixelIndexList = PixelIndexMatrix(1 : GroessenHistogram(n + 1), n);

 disp(PixelIndexList);

end;

</programlisting>
  </refsection>

  <refsection>
    <title>Siehe auch</title>

    <simplelist type="inline">
      <member><link linkend="SearchBlobs">SearchBlobs</link></member>

      <member><link linkend="FilterBySize">FilterBySize</link></member>

      <member><link
      linkend="CreateFeatureStruct">CreateFeatureStruct</link></member>

      <member><link linkend="AnalyzeBlobs">AnalyzeBlobs</link></member>

      <member><link
      linkend="CreateSizeHistogram">CreateSizeHistogram</link></member>

      <member><link
      linkend="CumulateSizeHistogram">CumulateSizeHistogram</link></member>
    </simplelist>
  </refsection>
</refentry>
