<?xml version="1.0" encoding="UTF-8"?>
<refentry version="5.0-subset Scilab" xmlns="http://docbook.org/ns/docbook"
          xmlns:xlink="http://www.w3.org/1999/xlink"
          xmlns:xi="http://www.w3.org/2001/XInclude"
          xmlns:svg="http://www.w3.org/2000/svg"
          xmlns:mml="http://www.w3.org/1998/Math/MathML"
          xmlns:html="http://www.w3.org/1999/xhtml"
          xmlns:db="http://docbook.org/ns/docbook">
  <refnamediv xml:id="CreateSizeHistogram">
    <refname>CreateSizeHistogram</refname>

    <refpurpose>berechnet das Histogramm der Blobgrößen</refpurpose>
  </refnamediv>

  <refsynopsisdiv>
    <title>Aufruf</title>

    <synopsis>[GroessenHistogramm BinListe] = CreateSizeHistogram(ObjektBild);

GroessenHistogramm = CreateSizeHistogram(ObjektBild);</synopsis>
  </refsynopsisdiv>

  <refsection>
    <title>Parameter</title>

    <variablelist>
      <varlistentry>
        <term>ObjektBild</term>

        <listitem>
          <para>2D-Matrix vom Typ uint32 or int32</para>
        </listitem>
      </varlistentry>

      <varlistentry>
        <term>GroessenHistogramm</term>

        <listitem>
          <para>Vektor, der angibt, wie viele Blobs eine bestimmte Anzahl von
          Pixeln haben</para>
        </listitem>
      </varlistentry>

      <varlistentry>
        <term>BinListe</term>

        <listitem>
          <para>Vektor, der die Bins des Größenhistogramms, also die Anzahl
          der Pixel enthält</para>
        </listitem>
      </varlistentry>
    </variablelist>
  </refsection>

  <refsection>
    <title>Beschreibung</title>

    <para>This function calculates a histogram of blob sizes.</para>
  </refsection>

  <refsection>
    <title>Beispiel</title>

    <programlisting role="example">global IPD_PATH;

RGB = ReadImage(IPD_PATH + 'demos\teaset.png');

Bild = RGB2Gray(RGB);

SchwellwertBild = SegmentByThreshold(Bild, 200);

ObjektBild = SearchBlobs(SchwellwertBild);

[GroessenHistogramm BinListe] = CreateSizeHistogram(ObjektBild);

figure(); plot(BinListe, GroessenHistogramm);</programlisting>
  </refsection>

  <refsection>
    <title>Siehe auch</title>

    <simplelist type="inline">
      <member><link linkend="SearchBlobs">SearchBlobs</link></member>

      <member><link linkend="FilterBySize">FilterBySize</link></member>

      <member><link
      linkend="CreateFeatureStruct">CreateFeatureStruct</link></member>

      <member><link linkend="AnalyzeBlobs">AnalyzeBlobs</link></member>

      <member><link
      linkend="CumulateSizeHistogram">CumulateSizeHistogram</link></member>

      <member><link
      linkend="CreatePixelIndexList">CreatePixelIndexList</link></member>
    </simplelist>
  </refsection>
</refentry>
