<?xml version="1.0" encoding="UTF-8"?>
<refentry version="5.0-subset Scilab" xmlns="http://docbook.org/ns/docbook"
          xmlns:xlink="http://www.w3.org/1999/xlink"
          xmlns:xi="http://www.w3.org/2001/XInclude"
          xmlns:svg="http://www.w3.org/2000/svg"
          xmlns:mml="http://www.w3.org/1998/Math/MathML"
          xmlns:html="http://www.w3.org/1999/xhtml"
          xmlns:db="http://docbook.org/ns/docbook">
  <refnamediv xml:id="CumulateSizeHistogram">
    <refname>CumulateSizeHistogram</refname>

    <refpurpose>berechnet das kumulierte Histogramm der
    Blobgrößen</refpurpose>
  </refnamediv>

  <refsynopsisdiv>
    <title>Aufruf</title>

    <synopsis>[KumuliertesHistogramm GroessenListe] = CumulateSizeHistogram(ObjektBild);

KumuliertesHistogramm = CumulateSizeHistogram(ObjektBild);</synopsis>
  </refsynopsisdiv>

  <refsection>
    <title>Parameter</title>

    <variablelist>
      <varlistentry>
        <term>ObjektBild</term>

        <listitem>
          <para>2D-Matrix vom Typ uint32 oder int32</para>
        </listitem>
      </varlistentry>

      <varlistentry>
        <term>KumuliertesHistogramm</term>

        <listitem>
          <para>Zeilenvektor, der das kumulierte Histogramm enthält</para>
        </listitem>
      </varlistentry>

      <varlistentry>
        <term>GroessenListe</term>

        <listitem>
          <para>Zeilenvektor, der die Liste aller Blobgrößen enthält. Dieser
          Parameter ist optional.</para>
        </listitem>
      </varlistentry>
    </variablelist>
  </refsection>

  <refsection>
    <title>Beschreibung</title>

    <para>Diese Funktion berechnet das kumulierte Histogramm der
    Blobgrößen.</para>
  </refsection>

  <refsection>
    <title>Beispiel</title>

    <programlisting role="example">global IPD_PATH;

RGB = ReadImage(IPD_PATH + 'demos\teaset.png');

Bild = RGB2Gray(RGB);

SchwellwertBild = SegmentByThreshold(Bild, 200);

ObjektBild = SearchBlobs(SchwellwertBild);

[KumuliertesHistogramm GroessenListe] = CumulateSizeHistogram(ObjektBild);

figure(); plot(GroessenListe, KumuliertesHistogramm);</programlisting>
  </refsection>

  <refsection>
    <title>Siehe auch</title>

    <simplelist type="inline">
      <member><link linkend="SearchBlobs">SearchBlobs</link></member>

      <member><link linkend="FilterBySize">FilterBySize</link></member>

      <member><link
      linkend="CreateFeatureStruct">CreateFeatureStruct</link></member>

      <member><link linkend="AnalyzeBlobs">AnalyzeBlobs</link></member>

      <member><link
      linkend="CreateSizeHistogram">CreateSizeHistogram</link></member>

      <member><link
      linkend="CreatePixelIndexList">CreatePixelIndexList</link></member>
    </simplelist>
  </refsection>
</refentry>
