<?xml version="1.0" encoding="UTF-8"?>
<refentry version="5.0-subset Scilab" xmlns="http://docbook.org/ns/docbook"
          xmlns:xlink="http://www.w3.org/1999/xlink"
          xmlns:xi="http://www.w3.org/2001/XInclude"
          xmlns:svg="http://www.w3.org/2000/svg"
          xmlns:mml="http://www.w3.org/1998/Math/MathML"
          xmlns:html="http://www.w3.org/1999/xhtml"
          xmlns:db="http://docbook.org/ns/docbook">
  <refnamediv xml:id="DistanceTransform">
    <refname>DistanceTransform</refname>

    <refpurpose>berechnet die Distanztransformation eines
    Kantenbildes</refpurpose>
  </refnamediv>

  <refsynopsisdiv>
    <title>Aufruf</title>

    <synopsis>DistanzBild = DistanceTransform(KantenBild);</synopsis>
  </refsynopsisdiv>

  <refsection>
    <title>Parameter</title>

    <variablelist>
      <varlistentry>
        <term>KantenBild</term>

        <listitem>
          <para>2D-Matrix vom Typ boolean</para>
        </listitem>
      </varlistentry>

      <varlistentry>
        <term>DistanzBild</term>

        <listitem>
          <para>2D-Matrix vom Typ uint8, ist genauso groß wie
          KantenBild</para>
        </listitem>
      </varlistentry>
    </variablelist>
  </refsection>

  <refsection>
    <title>Beschreibung</title>

    <para>Diese Funktion berechnet die Distanztransformation eines
    Kantenbildes.</para>
  </refsection>

  <refsection>
    <title>Beispiel</title>

    <programlisting role="example">global IPD_PATH;

RGB = ReadImage(IPD_PATH + 'demos\teaset.png');

Bild = RGB2Gray(RGB);

global EDGE_SOBEL;

Gradient = EdgeFilter(Bild, EDGE_SOBEL);

KantenBild = ~SegmentByThreshold(Gradient, 60);

DistanzBild = DistanceTransform(KantenBild);

figure(); ShowImage(DistanzBild, 'Ergebnis der Distanztransformation', jetcolormap(256));</programlisting>
  </refsection>

  <refsection>
    <title>Siehe auch</title>

    <simplelist type="inline">
      <member><link linkend="EdgeFilter">EdgeFilter</link></member>

      <member><link linkend="Watershed">Watershed</link></member>
    </simplelist>
  </refsection>
</refentry>
