<?xml version="1.0" encoding="UTF-8"?>
<refentry version="5.0-subset Scilab" xmlns="http://docbook.org/ns/docbook"
          xmlns:xlink="http://www.w3.org/1999/xlink"
          xmlns:xi="http://www.w3.org/2001/XInclude"
          xmlns:svg="http://www.w3.org/2000/svg"
          xmlns:mml="http://www.w3.org/1998/Math/MathML"
          xmlns:html="http://www.w3.org/1999/xhtml"
          xmlns:db="http://docbook.org/ns/docbook">
  <refnamediv xml:id="DrawBoundingBoxes">
    <refname>DrawBoundingBoxes</refname>

    <refpurpose>zeichnet umschließende Rechtecke in ein Bild ein</refpurpose>
  </refnamediv>

  <refsynopsisdiv>
    <title>Aufruf</title>

    <synopsis>DrawBoundingBoxes(BlobListe, Farbe, Fenster);</synopsis>
  </refsynopsisdiv>

  <refsection>
    <title>Parameter</title>

    <variablelist>
      <varlistentry>
        <term>BlobListe</term>

        <listitem>
          <para>Liste von Bildmerkmalen von Blobs, sollte mit AnalyzeBlobs
          generiert worden sein</para>
        </listitem>
      </varlistentry>

      <varlistentry>
        <term>Farbe</term>

        <listitem>
          <para>Vektor mit drei Elementen im Intervall [0, 1].</para>
        </listitem>
      </varlistentry>

      <varlistentry>
        <term>Fenster</term>

        <listitem>
          <para>Zeiger zu einem Grafikfenster, in das die Rechtecke gezeichnet
          werden sollen. Dieser Parameter ist optional. Wenn Fenster nicht
          angegeben ist, werden die Rechtecke in das aktuelle Grafikfenster
          eingezeichnet.</para>
        </listitem>
      </varlistentry>
    </variablelist>
  </refsection>

  <refsection>
    <title>Beschreibung</title>

    <para>Diese Funktion zeichnet umschließende Rechtecke in ein Bild ein. So
    ist es möglich, Objekte, die in einem Bild gefunden wurden, zu
    markieren.</para>
  </refsection>

  <refsection>
    <title>Beispiel</title>

    <programlisting role="example">global IPD_PATH;

RGB = ReadImage(IPD_PATH + 'demos\teaset.png');

Bild = RGB2Gray(RGB);

Bild = uint8(255 * ones(size(Bild, 1), size(Bild, 2))) - Bild;

SchwellwertBild = SegmentByThreshold(Bild, 100);

ObjektBild = SearchBlobs(SchwellwertBild);

GefiltertesObjektBild = FilterBySize(ObjektBild, 10000); // Kleine Objekte werden entfernt.

WirdBerechnet = CreateFeatureStruct(%f); // Struktur mit Bildmerkmalen wird generiert.

WirdBerechnet.BoundingBox = %t; // The bounding box shall be calculated for each blob.

ObjektMerkmale = AnalyzeBlobs(GefiltertesObjektBild, WirdBerechnet);

Fenster = figure();

ShowImage(GefiltertesObjektBild, 'Objektbild', jetcolormap(4));

DrawBoundingBoxes(ObjektMerkmale, [1 1 1], Fenster); // Rechtecke werden in weiß gezeichnet.
</programlisting>
  </refsection>

  <refsection>
    <title>Siehe auch</title>

    <simplelist type="inline">
      <member><link linkend="Ind2RGB">Ind2RGB</link></member>

      <member><link linkend="RGB2Ind">RGB2Ind</link></member>

      <member><link linkend="ShowImage">ShowImage</link></member>

      <member><link linkend="ShowColorImage">ShowColorImage</link></member>
    </simplelist>
  </refsection>
</refentry>
