<?xml version="1.0" encoding="UTF-8"?>
<refentry version="5.0-subset Scilab" xmlns="http://docbook.org/ns/docbook"
          xmlns:xlink="http://www.w3.org/1999/xlink"
          xmlns:xi="http://www.w3.org/2001/XInclude"
          xmlns:svg="http://www.w3.org/2000/svg"
          xmlns:mml="http://www.w3.org/1998/Math/MathML"
          xmlns:html="http://www.w3.org/1999/xhtml"
          xmlns:db="http://docbook.org/ns/docbook">
  <refnamediv xml:id="EdgeFilter">
    <refname>EdgeFilter</refname>

    <refpurpose>filtert ein Grauwertbild, so dass Kanten detektiert werden
    können</refpurpose>
  </refnamediv>

  <refsynopsisdiv>
    <title>Aufruf</title>

    <synopsis>GefiltertesBild = EdgeFilter(Bild, FilterTyp);</synopsis>
  </refsynopsisdiv>

  <refsection>
    <title>Parameter</title>

    <variablelist>
      <varlistentry>
        <term>Bild</term>

        <listitem>
          <para>2D-Matrix vom Typ uint8, uint16, uint32 oder double</para>
        </listitem>
      </varlistentry>

      <varlistentry>
        <term>FilterTyp</term>

        <listitem>
          <para>Skalar vom Typ uint8, kann EDGE_SOBEL, EDGE_LAPLACE,
          EDGE_PREWITT oder EDGE_SCHARR sein.</para>
        </listitem>
      </varlistentry>

      <varlistentry>
        <term>GefiltertesBild</term>

        <listitem>
          <para>2D-Matrix, hat die gleiche Größe und den gleichen Typ wie
          Bild</para>
        </listitem>
      </varlistentry>
    </variablelist>
  </refsection>

  <refsection>
    <title>Beschreibung</title>

    <para>Diese Funktion filtert ein Grauwertbild, so dass Kanten detektiert
    werden können. Es wird kein Schwellwert berechnet und es findet keine
    Schwellwertsegmentierung statt. Das gefilterte Bild selbst wird zurück
    gegeben.</para>
  </refsection>

  <refsection>
    <title>Beispiel</title>

    <programlisting role="example">global IPD_PATH;

RGB = ReadImage(IPD_PATH + 'demos\teaset.png');

Bild = RGB2Gray(RGB);

global EDGE_SOBEL;

Gradient = EdgeFilter(Bild, EDGE_SOBEL);

figure(); ShowImage(Gradient, 'Gradientenbild');</programlisting>
  </refsection>

  <refsection>
    <title>Siehe auch</title>

    <simplelist type="inline">
      <member><link
      linkend="DistanceTransform">DistanceTransform</link></member>

      <member><link linkend="Watershed">Watershed</link></member>

      <member><link linkend="SeparableFilter">SeparableFilter</link></member>

      <member><link linkend="MaskFilter">MaskFilter</link></member>
    </simplelist>
  </refsection>
</refentry>
