<?xml version="1.0" encoding="UTF-8"?>
<refentry version="5.0-subset Scilab" xmlns="http://docbook.org/ns/docbook"
          xmlns:xlink="http://www.w3.org/1999/xlink"
          xmlns:xi="http://www.w3.org/2001/XInclude"
          xmlns:svg="http://www.w3.org/2000/svg"
          xmlns:mml="http://www.w3.org/1998/Math/MathML"
          xmlns:html="http://www.w3.org/1999/xhtml"
          xmlns:db="http://docbook.org/ns/docbook">
  <refnamediv xml:id="FilterBySize">
    <refname>FilterBySize</refname>

    <refpurpose>filtert Blobs heraus, die zu klein oder zu groß
    sind</refpurpose>
  </refnamediv>

  <refsynopsisdiv>
    <title>Aufruf</title>

    <synopsis>GefiltertesBild = FilterBySize(Bild, MinFlaeche);

GefiltertesBild = FilterBySize(Bild, MinFlaeche, MaxFlaeche);</synopsis>
  </refsynopsisdiv>

  <refsection>
    <title>Parameter</title>

    <variablelist>
      <varlistentry>
        <term>Bild</term>

        <listitem>
          <para>2D-Matrix of type uint32 oder int32, sollte durch SearchBlobs
          generiert worden sein</para>
        </listitem>
      </varlistentry>

      <varlistentry>
        <term>MinFlaeche</term>

        <listitem>
          <para>kleinste Anzahl von Pixeln, die ein Blob haben kann</para>
        </listitem>
      </varlistentry>

      <varlistentry>
        <term>MaxFlaeche</term>

        <listitem>
          <para>größte Anzahl von Pixeln, die ein Blob haben kann. Dieser
          Parameter ist optional.</para>
        </listitem>
      </varlistentry>
    </variablelist>
  </refsection>

  <refsection>
    <title>Beschreibung</title>

    <para>Diese Funktion filtert Blobs heraus, die zu klein oder zu groß sind.
    Das Bild sollte durch SearchBlobs generiert worden sein.</para>
  </refsection>

  <refsection>
    <title>Beispiel</title>

    <programlisting role="example">Bild = rand(9, 9) // Zufallsbild wird generiert.

Schwellwert = CalculateOtsuThreshold(Bild); // Schwellwert wird berechnet.

LogischesBild = SegmentByThreshold(Bild, Schwellwert) // Bild wird segmentiert.

ObjektBild = SearchBlobs(LogischesBild) // Objektbild wird generiert.

GefiltertesObjektBild = FilterBySize(ObjektBild, 3, 60)</programlisting>
  </refsection>

  <refsection>
    <title>Siehe auch</title>

    <simplelist type="inline">
      <member><link linkend="SearchBlobs">SearchBlobs</link></member>

      <member><link
      linkend="CreateFeatureStruct">CreateFeatureStruct</link></member>

      <member><link linkend="AnalyzeBlobs">AnalyzeBlobs</link></member>

      <member><link
      linkend="CreateSizeHistogram">CreateSizeHistogram</link></member>

      <member><link
      linkend="CumulateSizeHistogram">CumulateSizeHistogram</link></member>

      <member><link
      linkend="CreatePixelIndexList">CreatePixelIndexList</link></member>
    </simplelist>
  </refsection>
</refentry>
