<?xml version="1.0" encoding="UTF-8"?>
<refentry version="5.0-subset Scilab" xmlns="http://docbook.org/ns/docbook"
          xmlns:xlink="http://www.w3.org/1999/xlink"
          xmlns:xi="http://www.w3.org/2001/XInclude"
          xmlns:svg="http://www.w3.org/2000/svg"
          xmlns:mml="http://www.w3.org/1998/Math/MathML"
          xmlns:html="http://www.w3.org/1999/xhtml"
          xmlns:db="http://docbook.org/ns/docbook">
  <refnamediv xml:id="GetVideoStruct">
    <refname>GetVideoStruct</refname>

    <refpurpose>liest die Merkmale einer Videodatei aus</refpurpose>
  </refnamediv>

  <refsynopsisdiv>
    <title>Aufruf</title>

    <synopsis>VideoStruct = GetVideoStruct(VideoPfad);</synopsis>
  </refsynopsisdiv>

  <refsection>
    <title>Parameter</title>

    <variablelist>
      <varlistentry>
        <term>VideoPfad</term>

        <listitem>
          <para>Name oder vollständiger Pfad einer Videodatei, muss
          Zeichenkette sein</para>
        </listitem>
      </varlistentry>

      <varlistentry>
        <term>VideoInfo</term>

        <listitem>
          <para>Struktur mit den folgenden Komponenten:</para>

          <itemizedlist>
            <listitem>
              <para>Codec: Name des Codecs</para>
            </listitem>
          </itemizedlist>

          <itemizedlist>
            <listitem>
              <para>NumberOfFrames: Anzahl der Bilder in der Videodatei</para>
            </listitem>
          </itemizedlist>

          <itemizedlist>
            <listitem>
              <para>FrameRate: Anzahl der Bilder, die pro Sekunde aufgenommen
              wurden</para>
            </listitem>
          </itemizedlist>

          <itemizedlist>
            <listitem>
              <para>Width: Anzahl der Spalten eines Bildes</para>
            </listitem>
          </itemizedlist>

          <itemizedlist>
            <listitem>
              <para>Height: Anzahl der Zeilen eines Bildes</para>
            </listitem>
          </itemizedlist>

          <itemizedlist>
            <listitem>
              <para>IsColor: gibt an, ob das Video farbig (%t) or schwarz/
              weiß (%f) ist</para>
            </listitem>
          </itemizedlist>
        </listitem>
      </varlistentry>
    </variablelist>
  </refsection>

  <refsection>
    <title>Beschreibung</title>

    <para>Diese Funktion liest den Codec, die Anzahl der Bilder, die Bildrate,
    das Bildformat in Zeilen und Spalten, und die Angabe, ob das Video farbig
    oder schwarz/ weiß ist, aus.</para>
  </refsection>

  <refsection>
    <title>Beispiel</title>

    <programlisting role="example">global IPD_PATH;

VideoStruct = GetVideoStruct(IPD_PATH + 'demos\red-car-video.avi')</programlisting>
  </refsection>

  <refsection>
    <title>Siehe auch</title>

    <simplelist type="inline">
      <member><link linkend="OpenVideoFile">OpenVideoFile</link></member>

      <member><link linkend="ReadImage">ReadImage</link></member>

      <member><link linkend="CloseVideoFile">CloseVideoFile</link></member>

      <member><link linkend="GetVideoInfo">GetVideoInfo</link></member>

      <member><link
      linkend="ReadImageFromVideo">ReadImageFromVideo</link></member>
    </simplelist>
  </refsection>
</refentry>
