<?xml version="1.0" encoding="UTF-8"?>
<refentry version="5.0-subset Scilab" xmlns="http://docbook.org/ns/docbook"
          xmlns:xlink="http://www.w3.org/1999/xlink"
          xmlns:xi="http://www.w3.org/2001/XInclude"
          xmlns:svg="http://www.w3.org/2000/svg"
          xmlns:mml="http://www.w3.org/1998/Math/MathML"
          xmlns:html="http://www.w3.org/1999/xhtml"
          xmlns:db="http://docbook.org/ns/docbook">
  <refnamediv xml:id="GetVideoInfo">
    <refname>GetVideoInfo</refname>

    <refpurpose>liest Merkmale einer Videodatei aus, wird von GetVideoStruct
    aufgerufen</refpurpose>
  </refnamediv>

  <refsynopsisdiv>
    <title>Aufruf</title>

    <synopsis>VideoInfoAlsListe = GetVideoInfo(VideoPfad);</synopsis>
  </refsynopsisdiv>

  <refsection>
    <title>Parameter</title>

    <variablelist>
      <varlistentry>
        <term>VideoPfad</term>

        <listitem>
          <para>Name oder vollständiger Pfad einer Videodatei, muss
          Zeichenkette sein</para>
        </listitem>
      </varlistentry>

      <varlistentry>
        <term>VideoInfoAlsListe</term>

        <listitem>
          <para>Liste, die die Merkmale einer Videodatei und die Namen dieser
          Merkmale enthält</para>
        </listitem>
      </varlistentry>
    </variablelist>
  </refsection>

  <refsection>
    <title>Beschreibung</title>

    <para>Diese Funktion liest den Codec, die Anzahl der Bilder, die Bildrate,
    das Bildformat in Zeilen und Spalten, und die Angabe, ob das Video farbig
    oder schwarz/ weiß ist, aus. Der Rückgabewert ist eine Liste. Die
    ungeraden Einträge sind die Namen der Merkmale. Wenn Sie die Videomerkmale
    lieber als Struktur auslesen möchten, verwenden Sie <link
    linkend="GetVideoStruct">GetVideoStruct</link>.</para>
  </refsection>

  <refsection>
    <title>Beispiel</title>

    <programlisting role="example">global IPD_PATH;

VideoInfoAlsListe = GetVideoInfo(IPD_PATH + 'demos\red-car-video.avi');

for n = 1 : length(VideoInfoAlsListe)

disp(VideoInfoAlsListe(n));

end;
</programlisting>
  </refsection>

  <refsection>
    <title>Siehe auch</title>

    <simplelist type="inline">
      <member><link linkend="GetVideoStruct">GetVideoStruct</link></member>

      <member><link linkend="OpenVideoFile">OpenVideoFile</link></member>

      <member><link linkend="ReadImage">ReadImage</link></member>

      <member><link linkend="CloseVideoFile">CloseVideoFile</link></member>

      <member><link
      linkend="ReadImageFromVideo">ReadImageFromVideo</link></member>
    </simplelist>
  </refsection>
</refentry>
