<?xml version="1.0" encoding="UTF-8"?>
<refentry version="5.0-subset Scilab" xmlns="http://docbook.org/ns/docbook"
          xmlns:xlink="http://www.w3.org/1999/xlink"
          xmlns:xi="http://www.w3.org/2001/XInclude"
          xmlns:svg="http://www.w3.org/2000/svg"
          xmlns:mml="http://www.w3.org/1998/Math/MathML"
          xmlns:html="http://www.w3.org/1999/xhtml"
          xmlns:db="http://docbook.org/ns/docbook">
  <refnamediv xml:id="GetWaveletFilters">
    <refname>GetWaveletFilters</refname>

    <refpurpose>gibt den Hoch- und Tiefpassfilter zu einem Wavelet
    zurück</refpurpose>
  </refnamediv>

  <refsynopsisdiv>
    <title>Aufruf</title>

    <synopsis>WaveletFilter = GetWaveletFilters(WaveletTyp);</synopsis>
  </refsynopsisdiv>

  <refsection>
    <title>Parameter</title>

    <variablelist>
      <varlistentry>
        <term>WaveletTyp</term>

        <listitem>
          <para>Konstante vom Typ uint8, die folgenden Werte sind
          möglich:</para>

          <itemizedlist>
            <listitem>
              <para>WAVELET_DAUBECHIES_X, 2 &lt;= X &lt;= 20, X = 2 k, k ist
              positive ganze Zahl</para>
            </listitem>

            <listitem>
              <para>WAVLET_COIFLET_Y, 6 &lt;= Y &lt;= 30, Y = 6 k, k ist
              positive ganze Zahl</para>
            </listitem>

            <listitem>
              <para>WAVELET_CDF</para>
            </listitem>
          </itemizedlist>
        </listitem>
      </varlistentry>

      <varlistentry>
        <term>WaveletFilter</term>

        <listitem>
          <para>Struktur mit den Komponenten LowPass und HighPass</para>
        </listitem>
      </varlistentry>
    </variablelist>
  </refsection>

  <refsection>
    <title>Beschreibung</title>

    <para>Diese Funktion gibt den Hoch- und Tiefpassfilter zu einem
    Daubechies-Wavelet, einem Coiflet oder dem
    Cohen-Daubechies-Feauveau-Wavelet (CDF) zurück. Diese lassen sich
    verwenden, um Wavelet-Frames (s. <link
    linkend="CreateWaveletFrames">CreateWaveletFrames</link>) zu
    berechnen.</para>
  </refsection>

  <refsection>
    <title>Beispiel</title>

    <programlisting role="example">global WAVELET_DAUBECHIES_2;

WaveletFilter = GetWaveletFilters(WAVELET_DAUBECHIES_2);

disp(WaveletFilter);</programlisting>
  </refsection>

  <refsection>
    <title>Siehe auch</title>

    <simplelist type="inline">
      <member><link linkend="UpsampleFilter">UpsampleFilter</link></member>

      <member><link
      linkend="CreateWaveletFrames">CreateWaveletFrames</link></member>

      <member><link linkend="VarianceFilter">VarianceFilter</link></member>

      <member><link
      linkend="ComputeChannelVariance">ComputeChannelVariance</link></member>
    </simplelist>
  </refsection>
</refentry>
