<?xml version="1.0" encoding="UTF-8"?>
<refentry version="5.0-subset Scilab" xmlns="http://docbook.org/ns/docbook"
          xmlns:xlink="http://www.w3.org/1999/xlink"
          xmlns:xi="http://www.w3.org/2001/XInclude"
          xmlns:svg="http://www.w3.org/2000/svg"
          xmlns:mml="http://www.w3.org/1998/Math/MathML"
          xmlns:html="http://www.w3.org/1999/xhtml"
          xmlns:db="http://docbook.org/ns/docbook">
  <refnamediv xml:id="ImageTool">
    <refname>ImageTool</refname>

    <refpurpose>ermöglicht die interaktive Analyse eines Bildes</refpurpose>
  </refnamediv>

  <refsynopsisdiv>
    <title>Aufruf</title>

    <synopsis>ImageTool(Bild);

ImageTool(Bild, Titel);

Fenster = ImageTool(Bild);

Fenster = ImageTool(Bild, Titel);</synopsis>
  </refsynopsisdiv>

  <refsection>
    <title>Parameter</title>

    <variablelist>
      <varlistentry>
        <term>Bild</term>

        <listitem>
          <para>2D- oder 3D-Matrix vom Typ uint8, uint16, uint32 oder double,
          kann auch 2D-Matrix vom Typ boolean sein</para>
        </listitem>
      </varlistentry>

      <varlistentry>
        <term>Titel</term>

        <listitem>
          <para>Zeichenkette, die das Bild beschreibt. Dieser Parameter ist
          optional.</para>
        </listitem>
      </varlistentry>

      <varlistentry>
        <term>Fenster</term>

        <listitem>
          <para>Zeiger zu dem Fenster, in dem das Bild angezeigt wird. Dieser
          Parameter ist optional.</para>
        </listitem>
      </varlistentry>
    </variablelist>
  </refsection>

  <refsection>
    <title>Beschreibung</title>

    <para>Diese Funktion ermöglicht die interaktive Analyse eines Bildes. Die
    folgende Funktionalität wird zur Verfügung gestellt:</para>

    <itemizedlist>
      <listitem>
        <para>Bilddatei öffnen und speichern</para>
      </listitem>

      <listitem>
        <para>Auswahl eines einzelnen Pixels durch Klick mit der linken
        Maustaste</para>

        <itemizedlist>
          <listitem>
            <para>Zeilenprofil</para>
          </listitem>

          <listitem>
            <para>Zeilenhistogramm</para>
          </listitem>

          <listitem>
            <para>Spaltenprofil</para>
          </listitem>

          <listitem>
            <para>Spaltenhistogramm</para>
          </listitem>

          <listitem>
            <para>Export der Koordinaten des ausgewählten Pixels als globale
            Variable</para>
          </listitem>
        </itemizedlist>
      </listitem>

      <listitem>
        <para>Auswhl einer Line durch Klick mit der linken Maustaste auf zwei
        verschiedene Pixel. Die beiden Pixel werden zum Anfangs- und Endpunkt
        der Linie.</para>

        <itemizedlist>
          <listitem>
            <para>Profil</para>
          </listitem>
        </itemizedlist>

        <itemizedlist>
          <listitem>
            <para>Histogramm</para>
          </listitem>
        </itemizedlist>

        <itemizedlist>
          <listitem>
            <para>Export der ausgewählten Linie als globale Variable, hat ein
            Element mehr als die gerundete Differenz von Anfangs- und
            Endpunkt</para>
          </listitem>
        </itemizedlist>
      </listitem>

      <listitem>
        <para>Auswahl eines rechteckigen Bereiches durch Klick mit der linken
        Maustaste auf zwei Pixel. Die beiden Pixel werden zu Ecken des
        Rechteckes.</para>

        <itemizedlist>
          <listitem>
            <para>Histogramm</para>
          </listitem>
        </itemizedlist>

        <itemizedlist>
          <listitem>
            <para>Export des ausgewählten Bereiches als globale
            Variable</para>
          </listitem>
        </itemizedlist>
      </listitem>
    </itemizedlist>
  </refsection>

  <refsection>
    <title>Beispiel</title>

    <programlisting role="example">global IPD_PATH;

RGB = ReadImage(IPD_PATH + 'demos\teaset.png');

Bild = RGB2Gray(RGB);

FigureHandle = ImageTool(Bild, 'Analysiertes Bild');</programlisting>
  </refsection>

  <refsection>
    <title></title>

    <simplelist type="inline">
      <member></member>
    </simplelist>
  </refsection>
</refentry>
