<?xml version="1.0" encoding="UTF-8"?>
<refentry version="5.0-subset Scilab" xmlns="http://docbook.org/ns/docbook"
          xmlns:xlink="http://www.w3.org/1999/xlink"
          xmlns:xi="http://www.w3.org/2001/XInclude"
          xmlns:svg="http://www.w3.org/2000/svg"
          xmlns:mml="http://www.w3.org/1998/Math/MathML"
          xmlns:html="http://www.w3.org/1999/xhtml"
          xmlns:db="http://docbook.org/ns/docbook">
  <refnamediv xml:id="Ind2RGB">
    <refname>Ind2RGB</refname>

    <refpurpose>transformiert Index-Bild in RGB-Bild</refpurpose>
  </refnamediv>

  <refsynopsisdiv>
    <title>Aufruf</title>

    <synopsis>RGB = Ind2RGB(IndexBild, FarbTabelle);

RGB = Ind2RGB(IndexBild, FarbTabelle, HintergrundFarbe);</synopsis>
  </refsynopsisdiv>

  <refsection>
    <title>Parameter</title>

    <variablelist>
      <varlistentry>
        <term>IndexBild</term>

        <listitem>
          <para>2D-Matrix vom Typ uint8, uint16, uint32 oder double. Wenn
          IndexBild vom Type double ist, müssel alle Elemente ganze Zahlen
          &gt;= 0 sein.</para>
        </listitem>
      </varlistentry>

      <varlistentry>
        <term>FarbTabelle</term>

        <listitem>
          <para>Matrix vom Typ uint8, uint16, uint32 oder double mit drei
          Spalten</para>
        </listitem>
      </varlistentry>

      <varlistentry>
        <term>HintergrundFarbe</term>

        <listitem>
          <para>Vektor mit drei Elementen, kann vom Typ uint8, uint16, uint32
          oder double sein. Wenn HintergrundFarbe vom Typ double ist, müssen
          alle sich alle Elemente im Intervall [0, 1] befinden. Dieser
          Parameter ist optional. Voreingestellt ist weiß.</para>
        </listitem>
      </varlistentry>
    </variablelist>
  </refsection>

  <refsection>
    <title>Beschreibung</title>

    <para>Diese Funktion transformiert Index-Bild in ein RGB-Bild. Jedes Pixel
    mit einem Wert &gt; 1 wird auf eine Zeile der Farbtabelle abgebildet. Alle
    Pixel mit Wert Null werden auf die Hintergrundfarbe abgebildet.</para>
  </refsection>

  <refsection>
    <title>Beispiel</title>

    <programlisting role="example">IndexBild = matrix(1 : 256, [16 16]);

FarbTabelle = jetcolormap(256);

RGB = Ind2RGB(IndexBild, FarbTabelle);

WriteImage(RGB, 'test.png');</programlisting>
  </refsection>

  <refsection>
    <title>Siehe auch</title>

    <simplelist type="inline">
      <member><link linkend="RGB2Ind">RGB2Ind</link></member>

      <member><link linkend="ShowImage">ShowImage</link></member>

      <member><link linkend="ShowColorImage">ShowColorImage</link></member>

      <member><link
      linkend="DrawBoundingBoxes">DrawBoundingBoxes</link></member>
    </simplelist>
  </refsection>
</refentry>
