<?xml version="1.0" encoding="UTF-8"?>
<refentry version="5.0-subset Scilab" xmlns="http://docbook.org/ns/docbook"
          xmlns:xlink="http://www.w3.org/1999/xlink"
          xmlns:xi="http://www.w3.org/2001/XInclude"
          xmlns:svg="http://www.w3.org/2000/svg"
          xmlns:mml="http://www.w3.org/1998/Math/MathML"
          xmlns:html="http://www.w3.org/1999/xhtml"
          xmlns:db="http://docbook.org/ns/docbook">
  <refnamediv xml:id="MaskFilter">
    <refname>MaskFilter</refname>

    <refpurpose>wendet einen linearen Filter auf ein Bild an</refpurpose>
  </refnamediv>

  <refsynopsisdiv>
    <title>Aufruf</title>

    <synopsis>GefiltertesBild = MaskFilter(Bild, Maske);</synopsis>
  </refsynopsisdiv>

  <refsection>
    <title>Parameter</title>

    <variablelist>
      <varlistentry>
        <term>Bild</term>

        <listitem>
          <para>2D-Matrix vom Typ double</para>
        </listitem>
      </varlistentry>

      <varlistentry>
        <term>Maske</term>

        <listitem>
          <para>2D-Matrix vom Typ double</para>
        </listitem>
      </varlistentry>

      <varlistentry>
        <term>GefiltertesBild</term>

        <listitem>
          <para>2D-Matrix mit der gleichen Größe und vom gleichen Datentyp wie
          Bild</para>
        </listitem>
      </varlistentry>
    </variablelist>
  </refsection>

  <refsection>
    <title>Beschreibung</title>

    <para>Diese Funktion wendet einen linearen Filter auf ein Bild an.</para>
  </refsection>

  <refsection>
    <title>Beispiel</title>

    <programlisting role="example">Bild = zeros(8, 8);

Bild(5 : 8, :) = 1

Maske = [-1 -1 -1; 0 0 0; 1 1 1];

GefiltertesBild = MaskFilter(Bild, Maske)</programlisting>
  </refsection>

  <refsection>
    <title>Siehe auch</title>

    <simplelist type="inline">
      <member><link linkend="EdgeFilter">EdgeFilter</link></member>

      <member><link linkend="SeparableFilter">SeparableFilter</link></member>
    </simplelist>
  </refsection>
</refentry>
