<?xml version="1.0" encoding="UTF-8"?>
<refentry version="5.0-subset Scilab" xmlns="http://docbook.org/ns/docbook"
          xmlns:xlink="http://www.w3.org/1999/xlink"
          xmlns:xi="http://www.w3.org/2001/XInclude"
          xmlns:svg="http://www.w3.org/2000/svg"
          xmlns:mml="http://www.w3.org/1998/Math/MathML"
          xmlns:html="http://www.w3.org/1999/xhtml"
          xmlns:db="http://docbook.org/ns/docbook">
  <refnamediv xml:id="MedianFilter">
    <refname>MedianFilter</refname>

    <refpurpose>wendet einen Median-Filter auf Bild an</refpurpose>
  </refnamediv>

  <refsynopsisdiv>
    <title>Aufruf</title>

    <synopsis>GefiltertesBild = MedianFilter(Bild, FilterGroesse);</synopsis>
  </refsynopsisdiv>

  <refsection>
    <title>Parameter</title>

    <variablelist>
      <varlistentry>
        <term>Bild</term>

        <listitem>
          <para>2D-Matrix vom Typ boolean, uint8, uint16, uint32 oder
          double</para>
        </listitem>
      </varlistentry>

      <varlistentry>
        <term>FilterGroesse</term>

        <listitem>
          <para>Vektor vom Typ double mit zwei Elementen, das erste gibt die
          Anzahl der Zeilen an, das zweite die Anzahl der Spalten</para>
        </listitem>
      </varlistentry>

      <varlistentry>
        <term>GefiltertesBild</term>

        <listitem>
          <para>2D-Matrix mit der gleichen Größe und dem gleichen Typ wie
          Bild</para>
        </listitem>
      </varlistentry>
    </variablelist>
  </refsection>

  <refsection>
    <title>Beschreibung</title>

    <para>Diese Funktion wendet einen Median-Filter auf Bild an.</para>
  </refsection>

  <refsection>
    <title>Beispiel</title>

    <programlisting role="example">Bild = zeros(9, 9);      // Bild wird erzeugt.

Bild(4 : 6, 4 : 6) = 1;  // Block von Objektpixeln wird erzeugt.

Bild(5, 2) = 1;          // Einzelnes Objektpixel wird gesetzt.

FilterGroesse = [3 3];   // Der Filter hat drei Zeilen und drei Spalten.

GefiltertesBild = MedianFilter(Bild, FilterGroesse) </programlisting>
  </refsection>

  <refsection>
    <title></title>

    <simplelist type="inline">
      <member></member>
    </simplelist>
  </refsection>
</refentry>
