<?xml version="1.0" encoding="UTF-8"?>
<refentry version="5.0-subset Scilab" xmlns="http://docbook.org/ns/docbook"
          xmlns:xlink="http://www.w3.org/1999/xlink"
          xmlns:xi="http://www.w3.org/2001/XInclude"
          xmlns:svg="http://www.w3.org/2000/svg"
          xmlns:mml="http://www.w3.org/1998/Math/MathML"
          xmlns:html="http://www.w3.org/1999/xhtml"
          xmlns:db="http://docbook.org/ns/docbook">
  <refnamediv xml:id="MorphologicalFilter">
    <refname>MorphologicalFilter</refname>

    <refpurpose>wendet einen morphologischen Filter auf ein Bild
    an</refpurpose>
  </refnamediv>

  <refsynopsisdiv>
    <title>Aufruf</title>

    <synopsis>GefiltertesBild = MorphologicalFilter(Bild, FilterTyp, LogischeMatrix);</synopsis>
  </refsynopsisdiv>

  <refsection>
    <title>Parameter</title>

    <variablelist>
      <varlistentry>
        <term>Bild</term>

        <listitem>
          <para>2D-Matrix vom Typ uint8, uint16, uint32 oder double</para>
        </listitem>
      </varlistentry>

      <varlistentry>
        <term>FilterTyp</term>

        <listitem>
          <para>eine der Konstanten FILTER_DILATE, FILTER_ERODE, FILTER_CLOSE,
          FILTER_OPEN, FILTER_TOP_HAT oder FILTER_BOTTOM_HAT</para>
        </listitem>
      </varlistentry>

      <varlistentry>
        <term>LogischeMatrix</term>

        <listitem>
          <para>2D-Matrix vom Typ boolean</para>
        </listitem>
      </varlistentry>

      <varlistentry>
        <term>GefiltertesBild</term>

        <listitem>
          <para>Matrix mit der gleichen Größe und dem gleichen Datentyp wie
          Bild</para>
        </listitem>
      </varlistentry>
    </variablelist>
  </refsection>

  <refsection>
    <title>Beschreibung</title>

    <para>Diese Funktion wendet einen morphologischen Filter auf ein Bild an.
    DilateImage, ErodeImage, CloseImage, OpenImage, TopHat und BottomHat rufen
    diese Funktion auf, so dass Sie diese Funktion nicht selber aufrufen
    müssen.</para>
  </refsection>

  <refsection>
    <title>Beispiel</title>

    <programlisting role="example">Bild = 0.5 * ones(9, 9) // Graues Bild wird generiert.

Bild(:, 3) = 0 // Dunkle Linie wird gezeichnet.

Bild(:, 7) = 1 // Helle Linie wird gezeichnet.

StrukturElement = CreateStructureElement('square', 3) // Strukturierendes Element wird generiert.

global FILTER_DILATE;

GefiltertesBild = MorphologicalFilter(Bild, FILTER_DILATE, StrukturElement.Data)</programlisting>
  </refsection>

  <refsection>
    <title>Siehe auch</title>

    <simplelist type="inline">
      <member><link linkend="DilateImage">DilateImage</link></member>
      
      <member><link linkend="ErodeImage">ErodeImage</link></member>

      <member><link linkend="CloseImage">CloseImage</link></member>

      <member><link linkend="OpenImage">OpenImage</link></member>

      <member><link linkend="TopHat">TopHat</link></member>

      <member><link linkend="BottomHat">BottomHat</link></member>

      <member><link
      linkend="CreateStructureElement">CreateStructureElement</link></member>
    </simplelist>
  </refsection>
</refentry>
