<?xml version="1.0" encoding="UTF-8"?>
<refentry version="5.0-subset Scilab" xmlns="http://docbook.org/ns/docbook"
          xmlns:xlink="http://www.w3.org/1999/xlink"
          xmlns:xi="http://www.w3.org/2001/XInclude"
          xmlns:svg="http://www.w3.org/2000/svg"
          xmlns:mml="http://www.w3.org/1998/Math/MathML"
          xmlns:html="http://www.w3.org/1999/xhtml"
          xmlns:db="http://docbook.org/ns/docbook">
  <refnamediv xml:id="OpenImage">
    <refname>OpenImage</refname>

    <refpurpose>filtert Bild mit einem morphologischen Opening</refpurpose>
  </refnamediv>

  <refsynopsisdiv>
    <title>Aufruf</title>

    <synopsis>GefiltertesBild = OpenImage(Bild, StrukturElement);</synopsis>
  </refsynopsisdiv>

  <refsection>
    <title>Parameter</title>

    <variablelist>
      <varlistentry>
        <term>Bild</term>

        <listitem>
          <para>2D-Matrix vom Typ uint8, uint16, uint32, double oder
          boolean</para>
        </listitem>
      </varlistentry>

      <varlistentry>
        <term>StrukturElement</term>

        <listitem>
          <para>Struktur mit den Komponenten Width, Height und Data, sollte
          durch CreateStructureElement generiert worden sein</para>
        </listitem>
      </varlistentry>

      <varlistentry>
        <term>GefiltertesBild</term>

        <listitem>
          <para>Matrix mit der gleichen Größe und dem gleichen Typ wie
          Bild</para>
        </listitem>
      </varlistentry>
    </variablelist>
  </refsection>

  <refsection>
    <title>Beschreibung</title>

    <para>Diese Funktion filtert Bild mit einem morphologischen Opening.
    Dieser Filter lässt dunkle Objekte unverändert und entfernt helle Objekte,
    in die das Strukturierende Element nicht hinein passt.</para>
  </refsection>

  <refsection>
    <title>Beispiel</title>

    <programlisting role="example">Bild = 0.5 * ones(9, 9) // Graues Bild wird erzeugt.

Bild(:, 3) = 0 // Dunkle Linie wird gezeichnet.

Bild(:, 7) = 1 // Helle Linie wird gezeichnet.

StrukturElement = CreateStructureElement('square', 3) // Strukturierendes Element wird generiert.

GefiltertesBild = OpenImage(Bild, StrukturElement)</programlisting>
  </refsection>

  <refsection>
    <title>Siehe auch</title>

    <simplelist type="inline">
      <member><link linkend="DilateImage">DilateImage</link></member>

      <member><link linkend="ErodeImage">ErodeImage</link></member>

      <member><link linkend="CloseImage">CloseImage</link></member>

      <member><link linkend="TopHat">TopHat</link></member>

      <member><link linkend="BottomHat">BottomHat</link></member>

      <member><link
      linkend="CreateStructureElement">CreateStructureElement</link></member>

      <member><link
      linkend="MorphologicalFilter">MorphologicalFilter</link></member>
    </simplelist>
  </refsection>
</refentry>
