<?xml version="1.0" encoding="UTF-8"?>
<refentry version="5.0-subset Scilab" xmlns="http://docbook.org/ns/docbook"
          xmlns:xlink="http://www.w3.org/1999/xlink"
          xmlns:xi="http://www.w3.org/2001/XInclude"
          xmlns:svg="http://www.w3.org/2000/svg"
          xmlns:mml="http://www.w3.org/1998/Math/MathML"
          xmlns:html="http://www.w3.org/1999/xhtml"
          xmlns:db="http://docbook.org/ns/docbook">
  <refnamediv xml:id="OpenVideoFile">
    <refname>OpenVideoFile</refname>

    <refpurpose>öffnet Videodatei zum Lesen</refpurpose>
  </refnamediv>

  <refsynopsisdiv>
    <title>Aufruf</title>

    <synopsis>VideoDatei = OpenVideoFile(VideoPfad);</synopsis>
  </refsynopsisdiv>

  <refsection>
    <title>Parameters</title>

    <variablelist>
      <varlistentry>
        <term>VideoPfad</term>

        <listitem>
          <para>Name oder vollständiger Pfad einer Videodatei</para>
        </listitem>
      </varlistentry>

      <varlistentry>
        <term>VideoDatei</term>

        <listitem>
          <para>Zeiger, referenziert Inhalt einer Videodatei</para>
        </listitem>
      </varlistentry>
    </variablelist>
  </refsection>

  <refsection>
    <title>Beschreibung</title>

    <para>Diese Funktion öffnet Videodatei zum Lesen.</para>
  </refsection>

  <refsection>
    <title>Beispiel</title>

    <programlisting role="example">global IPD_PATH;

VideoPfad = IPD_PATH + 'demos\red-car-video.avi';

VideoInfo = GetVideoStruct(VideoPfad);

VideoDatei = OpenVideoFile(VideoPfad);

figure();

for n = 1 : VideoInfo.NumberOfFrames

 RGB = ReadImage(VideoDatei);

 ShowColorImage(RGB, VideoPfad);

end;

CloseVideoFile(VideoDatei);</programlisting>
  </refsection>

  <refsection>
    <title>Siehe auch</title>

    <simplelist type="inline">
      <member><link linkend="GetVideoStruct">GetVideoStruct</link></member>

      <member><link linkend="ReadImage">ReadImage</link></member>

      <member><link linkend="CloseVideoFile">CloseVideoFile</link></member>

      <member><link linkend="GetVideoInfo">GetVideoInfo</link></member>

      <member><link
      linkend="ReadImageFromVideo">ReadImageFromVideo</link></member>
    </simplelist>
  </refsection>
</refentry>
