<?xml version="1.0" encoding="UTF-8"?>
<refentry version="5.0-subset Scilab" xmlns="http://docbook.org/ns/docbook"
          xmlns:xlink="http://www.w3.org/1999/xlink"
          xmlns:xi="http://www.w3.org/2001/XInclude"
          xmlns:svg="http://www.w3.org/2000/svg"
          xmlns:mml="http://www.w3.org/1998/Math/MathML"
          xmlns:html="http://www.w3.org/1999/xhtml"
          xmlns:db="http://docbook.org/ns/docbook">
  <refnamediv xml:id="PadImage">
    <refname>PadImage</refname>

    <refpurpose>fügt Zeilen und Spalten an ein Bild an</refpurpose>
  </refnamediv>

  <refsynopsisdiv>
    <title>Aufruf</title>

    <synopsis>ErweitertesBild = PadImage(Bild, Fuellwert, Links, Rechts, Oben, Unten);</synopsis>
  </refsynopsisdiv>

  <refsection>
    <title>Parameter</title>

    <variablelist>
      <varlistentry>
        <term>Bild</term>

        <listitem>
          <para>2D-Matrix vom Typ uint8, uint16, uint 32 oder boolean</para>
        </listitem>
      </varlistentry>

      <varlistentry>
        <term>Fuellwert</term>

        <listitem>
          <para>Grauwert (oder logischer Wert bei einem Bidl vom Typ boolean)
          der angefügten Pixel</para>
        </listitem>
      </varlistentry>

      <varlistentry>
        <term>Links</term>

        <listitem>
          <para>Anzahl der Spalten, die links angefügt werden</para>
        </listitem>
      </varlistentry>

      <varlistentry>
        <term>Rechts</term>

        <listitem>
          <para>Anzahl der Spalten, die rechts angefügt werden</para>
        </listitem>
      </varlistentry>

      <varlistentry>
        <term>Oben</term>

        <listitem>
          <para>Anzahl der Spalten, die oben angefügt werden</para>
        </listitem>
      </varlistentry>

      <varlistentry>
        <term>Unten</term>

        <listitem>
          <para>Anzahl der Spalten, die unten angefügt werden</para>
        </listitem>
      </varlistentry>

      <varlistentry>
        <term>ErweitertesBild</term>

        <listitem>
          <para>Matrix vom gleichen Typ wie Bild</para>
        </listitem>
      </varlistentry>
    </variablelist>
  </refsection>

  <refsection>
    <title>Beschreibung</title>

    <para>Diese Funktion fügt Zeilen und Spalten an ein Bild an.</para>
  </refsection>

  <refsection>
    <title>Beispiel</title>

    <programlisting role="example">Bild = rand(3, 3) // Zufallsbild wird generiert.

ErweitertesBild = PadImage(Bild, 0, 1, 1, 1, 1)</programlisting>
  </refsection>

  <refsection>
    <title></title>

    <simplelist type="inline">
      <member></member>
    </simplelist>
  </refsection>
</refentry>
