<?xml version="1.0" encoding="UTF-8"?>
<refentry version="5.0-subset Scilab" xmlns="http://docbook.org/ns/docbook"
          xmlns:xlink="http://www.w3.org/1999/xlink"
          xmlns:xi="http://www.w3.org/2001/XInclude"
          xmlns:svg="http://www.w3.org/2000/svg"
          xmlns:mml="http://www.w3.org/1998/Math/MathML"
          xmlns:html="http://www.w3.org/1999/xhtml"
          xmlns:db="http://docbook.org/ns/docbook">
  <refnamediv xml:id="ReadImageFromVideo">
    <refname>ReadImageFromVideo</refname>

    <refpurpose>liest Einzelbild aus einer Videodatei ein, wird von ReadImage
    aufgerufen</refpurpose>
  </refnamediv>

  <refsynopsisdiv>
    <title>Aufruf</title>

    <synopsis>[PixelListe Dimensionen] = ReadImageFile(VideoDatei);</synopsis>
  </refsynopsisdiv>

  <refsection>
    <title>Parameter</title>

    <variablelist>
      <varlistentry>
        <term>VideoDatei</term>

        <listitem>
          <para>Zeiger zum Inhalt einer Videodatei</para>
        </listitem>
      </varlistentry>

      <varlistentry>
        <term>PixelListe</term>

        <listitem>
          <para>Spaltenvektor, der die Grauwerte oder Farbintensitäten aller
          Pixel enthält</para>
        </listitem>
      </varlistentry>

      <varlistentry>
        <term>Dimensionen</term>

        <listitem>
          <para>Spaltenvektor, der die Anzahl der Zeilen, Spalten und Kanäle
          angibt</para>
        </listitem>
      </varlistentry>
    </variablelist>
  </refsection>

  <refsection>
    <title>Beschreibung</title>

    <para>Diese Funktion liest ein Bild von einer Videodatei ein und gibt eine
    Liste der Pixel und die Anzahl der Zeilen, Spalten und Kanäle zurück.
    ReadImage ruft ReadImageFile auf, so dass Sie diese Funkion nicht selbst
    aufrufen müssen.</para>
  </refsection>

  <refsection>
    <title>Beispiel</title>

    <programlisting role="example">global IPD_PATH;

VideoDatei = OpenVideoFile(IPD_PATH + 'demos\red-car-video.avi');

[PixelListe Dimensionen] = ReadImageFromVideo(VideoDatei);

CloseVideoFile(VideoDatei);

RGB = matrix(PixelListe, Dimensionen);

ShowColorImage(RGB, 'Resultat');</programlisting>
  </refsection>

  <refsection>
    <title>Siehe auch</title>

    <simplelist type="inline">
      <member><link linkend="GetVideoStruct">GetVideoStruct</link></member>

      <member><link linkend="OpenVideoFile">OpenVideoFile</link></member>

      <member><link linkend="ReadImage">ReadImage</link></member>

      <member><link linkend="CloseVideoFile">CloseVideoFile</link></member>

      <member><link linkend="GetVideoInfo">GetVideoInfo</link></member>
    </simplelist>
  </refsection>
</refentry>
