<?xml version="1.0" encoding="UTF-8"?>
<refentry version="5.0-subset Scilab" xmlns="http://docbook.org/ns/docbook"
          xmlns:xlink="http://www.w3.org/1999/xlink"
          xmlns:xi="http://www.w3.org/2001/XInclude"
          xmlns:svg="http://www.w3.org/2000/svg"
          xmlns:mml="http://www.w3.org/1998/Math/MathML"
          xmlns:html="http://www.w3.org/1999/xhtml"
          xmlns:db="http://docbook.org/ns/docbook">
  <refnamediv xml:id="ReadImage">
    <refname>ReadImage</refname>

    <refpurpose>liest ein Bild aus einer Grafik- oder Videodatei
    ein</refpurpose>
  </refnamediv>

  <refsynopsisdiv>
    <title>Aufruf</title>

    <synopsis>Bild = ReadImage(BildQuelle);
</synopsis>
  </refsynopsisdiv>

  <refsection>
    <title>Parameter</title>

    <variablelist>
      <varlistentry>
        <term>BildQuelle</term>

        <listitem>
          <para>Name oder Pfad einer Bilddatei oder Zeiger auf den Inhalt
          einer Videodatei.</para>
        </listitem>
      </varlistentry>

      <varlistentry>
        <term>Bild</term>

        <listitem>
          <para>2D- oder 3D-Matrix</para>
        </listitem>
      </varlistentry>
    </variablelist>
  </refsection>

  <refsection>
    <title>Beschreibung</title>

    <para>Diese Funktion liest ein Bild aus einer</para>
  </refsection>

  <refsection>
    <title>Beispiel</title>

    <programlisting role="example">global IPD_PATH;

RGB = ReadImage(IPD_PATH + 'demos\teaset.png');

figure(); ShowColorImage(RGB, 'Resultat');</programlisting>
  </refsection>

  <refsection>
    <title>Siehe auch</title>

    <simplelist type="inline">
      <member><link linkend="WriteImage">WriteImage</link></member>

      <member><link linkend="ReadImageFile">ReadImageFile</link></member>

      <member><link linkend="WriteImageFile">WriteImageFile</link></member>

      <member><link linkend="GetVideoStruct">GetVideoStruct</link></member>

      <member><link linkend="OpenVideoFile">OpenVideoFile</link></member>

      <member><link linkend="CloseVideoFile">CloseVideoFile</link></member>

      <member><link linkend="GetVideoInfo">GetVideoInfo</link></member>

      <member><link
      linkend="ReadImageFromVideo">ReadImageFromVideo</link></member>
    </simplelist>
  </refsection>
</refentry>
