<?xml version="1.0" encoding="UTF-8"?>
<refentry version="5.0-subset Scilab" xmlns="http://docbook.org/ns/docbook"
          xmlns:xlink="http://www.w3.org/1999/xlink"
          xmlns:xi="http://www.w3.org/2001/XInclude"
          xmlns:svg="http://www.w3.org/2000/svg"
          xmlns:mml="http://www.w3.org/1998/Math/MathML"
          xmlns:html="http://www.w3.org/1999/xhtml"
          xmlns:db="http://docbook.org/ns/docbook">
  <refnamediv xml:id="ReadImageFile">
    <refname>ReadImageFile</refname>

    <refpurpose>liest eine Bilddatei ein, wird von ReadImage
    aufgerufen</refpurpose>
  </refnamediv>

  <refsynopsisdiv>
    <title>Aufruf</title>

    <synopsis>[PixelListe Dimensionen] = ReadImageFile(BildPfad);</synopsis>
  </refsynopsisdiv>

  <refsection>
    <title>Parameter</title>

    <variablelist>
      <varlistentry>
        <term>BildPfad</term>

        <listitem>
          <para>Name oder vollständiger Pfad einer Bilddatei</para>
        </listitem>
      </varlistentry>

      <varlistentry>
        <term>PixelListe</term>

        <listitem>
          <para>Spaltenvektor, der die Grauwerte oder Farbintensitäten aller
          Pixel enthält</para>
        </listitem>
      </varlistentry>

      <varlistentry>
        <term>Dimensionen</term>

        <listitem>
          <para>Spaltenvektor, der die Anzahl der Zeilen, Spalten und Kanäle
          angibt</para>
        </listitem>
      </varlistentry>
    </variablelist>
  </refsection>

  <refsection>
    <title>Beschreibung</title>

    <para>Diese Funktion liest eine Bilddatei ein und gibt eine Liste der
    Pixel und die Anzahl der Zeilen, Spalten und Kanäle zurück. ReadImage ruft
    ReadImageFile auf, so dass Sie diese Funkion nicht selbst aufrufen
    müssen.</para>
  </refsection>

  <refsection>
    <title>Beispiel</title>

    <programlisting role="example">global IPD_PATH;

[PixelListe Dimensionen] = ReadImageFile(IPD_PATH + 'demos\teaset.png');

RGB = matrix(PixelListe, Dimensionen);

ShowColorImage(RGB, 'Resultat');</programlisting>
  </refsection>

  <refsection>
    <title>Siehe auch</title>

    <simplelist type="inline">
      <member><link linkend="ReadImage">ReadImage</link></member>

      <member><link linkend="WriteImage">WriteImage</link></member>

      <member><link linkend="WriteImageFile">WriteImageFile</link></member>
    </simplelist>
  </refsection>
</refentry>
