<?xml version="1.0" encoding="UTF-8"?>
<refentry version="5.0-subset Scilab" xmlns="http://docbook.org/ns/docbook"
          xmlns:xlink="http://www.w3.org/1999/xlink"
          xmlns:xi="http://www.w3.org/2001/XInclude"
          xmlns:svg="http://www.w3.org/2000/svg"
          xmlns:mml="http://www.w3.org/1998/Math/MathML"
          xmlns:html="http://www.w3.org/1999/xhtml"
          xmlns:db="http://docbook.org/ns/docbook">
  <refnamediv xml:id="RGB2LAB">
    <refname>RGB2LAB</refname>

    <refpurpose>wandelt RGB-Bild in L*a*b*-Bild um</refpurpose>
  </refnamediv>

  <refsynopsisdiv>
    <title>Aufruf</title>

    <synopsis>LAB = RGB2LAB(RGB);</synopsis>
  </refsynopsisdiv>

  <refsection>
    <title>Parameter</title>

    <variablelist>
      <varlistentry>
        <term>RGB</term>

        <listitem>
          <para>3D-Matrix vom Typ double</para>
        </listitem>
      </varlistentry>

      <varlistentry>
        <term>LAB</term>

        <listitem>
          <para>3D-Matrix vom Typ double</para>
        </listitem>
      </varlistentry>
    </variablelist>
  </refsection>

  <refsection>
    <title>Beschreibung</title>

    <para>Diese Funktion wandelt ein RGB-Bild in ein L*a*b*-Bild um.</para>
  </refsection>

  <refsection>
    <title>Beispiel</title>

    <programlisting role="example">global IPD_PATH;

RGB = ReadImage(IPD_PATH + 'demos\teaset.png');

RGBD = double(RGB) / 255;

LAB = RGB2LAB(RGBD);

figure(); ShowColorImage(LAB, 'L*a*b*');
</programlisting>
  </refsection>

  <refsection>
    <title>Siehe auch</title>

    <simplelist type="inline">
      <member><link linkend="RGB2Gray">RGB2Gray</link></member>

      <member><link linkend="LAB2RGB">LAB2RGB</link></member>

      <member><link
      linkend="ConvertColorSpace">ConvertColorSpace</link></member>
    </simplelist>
  </refsection>
</refentry>
