<?xml version="1.0" encoding="UTF-8"?>
<refentry version="5.0-subset Scilab" xmlns="http://docbook.org/ns/docbook"
          xmlns:xlink="http://www.w3.org/1999/xlink"
          xmlns:xi="http://www.w3.org/2001/XInclude"
          xmlns:svg="http://www.w3.org/2000/svg"
          xmlns:mml="http://www.w3.org/1998/Math/MathML"
          xmlns:html="http://www.w3.org/1999/xhtml"
          xmlns:db="http://docbook.org/ns/docbook">
  <refnamediv xml:id="RGB2Ind">
    <refname>RGB2Ind</refname>

    <refpurpose>wandelt RGB-Bild in Index-Bild um</refpurpose>
  </refnamediv>

  <refsynopsisdiv>
    <title>Aufruf</title>

    <synopsis>[IndexBild FarbTabelle] = RGB2Ind(RGB);</synopsis>
  </refsynopsisdiv>

  <refsection>
    <title>Parameter</title>

    <variablelist>
      <varlistentry>
        <term>RGB</term>

        <listitem>
          <para>3D-Matrix vom Typ uint8, uint16, uint32 oder double</para>
        </listitem>
      </varlistentry>

      <varlistentry>
        <term>IndexBild</term>

        <listitem>
          <para>2D-Matrix mit der gleichen Anzahl von Zeilen und Spalten wie
          RGB</para>
        </listitem>
      </varlistentry>

      <varlistentry>
        <term>FarbTabelle</term>

        <listitem>
          <para>Matrix mit drei Spalten und so vielen Zeilen wie RGB Pixel
          hat. Bitte beachten Sie, dass dies ein Pflichtparameter ist.</para>
        </listitem>
      </varlistentry>
    </variablelist>
  </refsection>

  <refsection>
    <title>Beschreibung</title>

    <para>Diese Funktion wandelt ein RGB-Bild in ein Index-Bild um und hat den
    gleichen Effekt wie rgb2ind in früheren Versionen.</para>
  </refsection>

  <refsection>
    <title>Beispiel</title>

    <programlisting role="example">RGB = rand(3, 3, 3) // Zufallsbild wird erzeut.

[IndexBild, FarbTabelle] = RGB2Ind(RGB) // RGB is wird in indiziertes Bild umgewandelt.

FigureHandle = ShowImage(IndexBild, 'Beispiel', FarbTabelle); // Index-Bild wird angezeigt.</programlisting>
  </refsection>

  <refsection>
    <title>Siehe auch</title>

    <simplelist type="inline">
      <member><link linkend="Ind2RGB">Ind2RGB</link></member>

      <member><link linkend="ShowImage">ShowImage</link></member>

      <member><link linkend="ShowColorImage">ShowColorImage</link></member>

      <member><link
      linkend="DrawBoundingBoxes">DrawBoundingBoxes</link></member>
    </simplelist>
  </refsection>
</refentry>
