<?xml version="1.0" encoding="UTF-8"?>
<refentry version="5.0-subset Scilab" xmlns="http://docbook.org/ns/docbook"
          xmlns:xlink="http://www.w3.org/1999/xlink"
          xmlns:xi="http://www.w3.org/2001/XInclude"
          xmlns:svg="http://www.w3.org/2000/svg"
          xmlns:mml="http://www.w3.org/1998/Math/MathML"
          xmlns:html="http://www.w3.org/1999/xhtml"
          xmlns:db="http://docbook.org/ns/docbook">
  <refnamediv xml:id="SearchBlobs">
    <refname>SearchBlobs</refname>

    <refpurpose>sucht zusammenhängende Flächen in einem binären
    Bild</refpurpose>
  </refnamediv>

  <refsynopsisdiv>
    <title>Aufruf</title>

    <synopsis>ObjektBild = SearchBlobs(Bild);
</synopsis>
  </refsynopsisdiv>

  <refsection>
    <title>Parameter</title>

    <variablelist>
      <varlistentry>
        <term>Bild</term>

        <listitem>
          <para>2D-Matrix vom Typ boolean</para>
        </listitem>
      </varlistentry>

      <varlistentry>
        <term>ObjektBild</term>

        <listitem>
          <para>2D-Matrix vom Typ int32 (in Scilab 5.2.0) oder uint32 (in
          Scilab 5.2.1 oder höher).</para>
        </listitem>
      </varlistentry>
    </variablelist>
  </refsection>

  <refsection>
    <title>Beschreibung</title>

    <para>Diese Funktion sucht zusammenhängende Flächen in einem binären Bild.
    Allen Pixeln, die zur gleichen zusammenhängenden Fläche gehören, wird die
    gleiche Nummer zugeordnet. Pixeln, die zu keiner Fläche gehören, wird die
    Nummer null zugeordnet.</para>
  </refsection>

  <refsection>
    <title>Beispiel</title>

    <programlisting role="example">Bild = rand(9, 9) // Zufallsbild wird erzeugt.

Schwellwert = CalculateOtsuThreshold(Bild); // Schwellwert wird berechnet.

BinaerBild = SegmentByThreshold(Bild, Schwellwert) // Bild wird segmentiert.

ObjektBild = SearchBlobs(BinaerBild)</programlisting>
  </refsection>

  <refsection>
    <title>Siehe auch</title>

    <simplelist type="inline">
      <member><link linkend="FilterBySize">FilterBySize</link></member>

      <member><link
      linkend="CreateFeatureStruct">CreateFeatureStruct</link></member>

      <member><link linkend="AnalyzeBlobs">AnalyzeBlobs</link></member>

      <member><link
      linkend="CreateSizeHistogram">CreateSizeHistogram</link></member>

      <member><link
      linkend="CumulateSizeHistogram">CumulateSizeHistogram</link></member>

      <member><link
      linkend="CreatePixelIndexList">CreatePixelIndexList</link></member>
    </simplelist>
  </refsection>
</refentry>
