<?xml version="1.0" encoding="UTF-8"?>
<refentry version="5.0-subset Scilab" xmlns="http://docbook.org/ns/docbook"
          xmlns:xlink="http://www.w3.org/1999/xlink"
          xmlns:xi="http://www.w3.org/2001/XInclude"
          xmlns:svg="http://www.w3.org/2000/svg"
          xmlns:mml="http://www.w3.org/1998/Math/MathML"
          xmlns:html="http://www.w3.org/1999/xhtml"
          xmlns:db="http://docbook.org/ns/docbook">
  <refnamediv xml:id="SegmentByThreshold">
    <refname>SegmentByThreshold</refname>

    <refpurpose>segmentiert Bild mit einem Schwellwert</refpurpose>
  </refnamediv>

  <refsynopsisdiv>
    <title>Aufruf</title>

    <synopsis>SegmentiertesBild = SegmentByThreshold(Bild, Schwellwert);</synopsis>
  </refsynopsisdiv>

  <refsection>
    <title>Parameter</title>

    <variablelist>
      <varlistentry>
        <term>Bild</term>

        <listitem>
          <para>2D-Matrix vom Typ uint8, uint16, uint32 oder double</para>
        </listitem>
      </varlistentry>

      <varlistentry>
        <term>Schwellwert</term>

        <listitem>
          <para>Skalar eines beliebigen numerischen Typs</para>
        </listitem>
      </varlistentry>

      <varlistentry>
        <term>SegmentiertesBild</term>

        <listitem>
          <para>logisches Bild, das genauso groß ist wie Bild</para>
        </listitem>
      </varlistentry>
    </variablelist>
  </refsection>

  <refsection>
    <title>Beschreibung</title>

    <para>Diese Funktion segmentiert Bild mit einem Schwellwert. Alle Pixel
    mit einem Grauwert &gt;= Schwellwert werden auf %t gesetzt, alle anderen
    Pixel auf %f.</para>
  </refsection>

  <refsection>
    <title>Beispiel</title>

    <programlisting role="example">Bild = rand(3, 3) // Zufallsbild wird erzeugt.

Schwellwert = CalculateOtsuThreshold(Bild) // Schwellwert wird berechnet.

SegmentiertesBild = SegmentByThreshold(Bild, Schwellwert)</programlisting>
  </refsection>

  <refsection>
    <title>Siehe auch</title>

    <simplelist type="inline">
      <member><link
      linkend="CalculateOtsuThreshold">CalculateOtsuThreshold</link></member>
    </simplelist>
  </refsection>
</refentry>
