<?xml version="1.0" encoding="UTF-8"?>
<refentry version="5.0-subset Scilab" xmlns="http://docbook.org/ns/docbook"
          xmlns:xlink="http://www.w3.org/1999/xlink"
          xmlns:xi="http://www.w3.org/2001/XInclude"
          xmlns:svg="http://www.w3.org/2000/svg"
          xmlns:mml="http://www.w3.org/1998/Math/MathML"
          xmlns:html="http://www.w3.org/1999/xhtml"
          xmlns:db="http://docbook.org/ns/docbook">
  <refnamediv xml:id="ShowColorImage">
    <refname>ShowColor Image</refname>

    <refpurpose>zeigt Farbbild in einem Grafikfenster an</refpurpose>
  </refnamediv>

  <refsynopsisdiv>
    <title>Aufruf</title>

    <synopsis>Fenster = ShowColorImage(Bild, Titel);</synopsis>
  </refsynopsisdiv>

  <refsection>
    <title>Parameter</title>

    <variablelist>
      <varlistentry>
        <term>Bild</term>

        <listitem>
          <para>3D-Matrix vom Typ uint8, uint16, uint32 oder double</para>
        </listitem>
      </varlistentry>

      <varlistentry>
        <term>Titel</term>

        <listitem>
          <para>Zeichenkette, kann leer sein</para>
        </listitem>
      </varlistentry>

      <varlistentry>
        <term>Fenster</term>

        <listitem>
          <para>Zeiger zu dem Fenster, in dem Bild angezeigt wird</para>
        </listitem>
      </varlistentry>
    </variablelist>
  </refsection>

  <refsection>
    <title>Beschreibung</title>

    <para>Diese Funktion zeigt ein farbiges Bild im aktuellen Grafikfenster
    an. Wenn kein Grafikfenster vorhanden ist, wird eins erzeugt.</para>

    <para>Sie können mit dieser Funktion in einem Grafikfenster nur ein Bild
    anzeigen. Wenn Sie versuchen, zwei oder mehr Bilder im selben Fenster
    anzuzeigen, kann dies zu unbefriedigenden Ergebnissen führen.</para>
  </refsection>

  <refsection>
    <title>Beispiel</title>

    <programlisting role="example">global IPD_PATH;

RGB = ReadImage(IPD_PATH + 'demos\teaset.png');

Fenster = ShowColorImage(RGB, 'Farbbild'); // Bild wird angezeigt.</programlisting>
  </refsection>

  <refsection>
    <title>Siehe auch</title>

    <simplelist type="inline">
      <member><link linkend="Ind2RGB">Ind2RGB</link></member>

      <member><link linkend="RGB2Ind">RGB2Ind</link></member>

      <member><link linkend="ShowImage">ShowImage</link></member>

      <member><link
      linkend="DrawBoundingBoxes">DrawBoundingBoxes</link></member>
    </simplelist>
  </refsection>
</refentry>
