<?xml version="1.0" encoding="UTF-8"?>
<refentry version="5.0-subset Scilab" xmlns="http://docbook.org/ns/docbook"
          xmlns:xlink="http://www.w3.org/1999/xlink"
          xmlns:xi="http://www.w3.org/2001/XInclude"
          xmlns:svg="http://www.w3.org/2000/svg"
          xmlns:mml="http://www.w3.org/1998/Math/MathML"
          xmlns:html="http://www.w3.org/1999/xhtml"
          xmlns:db="http://docbook.org/ns/docbook">
  <refnamediv xml:id="ShowImage">
    <refname>ShowImage</refname>

    <refpurpose>zeigt Farbbild in einem Grafikfenster an</refpurpose>
  </refnamediv>

  <refsynopsisdiv>
    <title>Aufruf</title>

    <synopsis>Fenster = ShowImage(Bild, Titel);

Fenster = ShowImage(Bild, Titel, FarbTabelle);</synopsis>
  </refsynopsisdiv>

  <refsection>
    <title>Parameter</title>

    <variablelist>
      <varlistentry>
        <term>Bild</term>

        <listitem>
          <para>2D-Matrix vom Typ uint8, uint16, uint32, double oder
          boolean</para>
        </listitem>
      </varlistentry>

      <varlistentry>
        <term>Titel</term>

        <listitem>
          <para>Zeichenkette, kann leer sein</para>
        </listitem>
      </varlistentry>

      <varlistentry>
        <term>FarbTabelle</term>

        <listitem>
          <para>Matrix mit drei Spalten</para>
        </listitem>
      </varlistentry>

      <varlistentry>
        <term>Fenster</term>

        <listitem>
          <para>Zeiger zum Grafikfenster, in dem Bild angezeigt wird</para>
        </listitem>
      </varlistentry>
    </variablelist>
  </refsection>

  <refsection>
    <title>Beschreibung</title>

    <para>Diese Funktion zeigt ein Bild im aktuellen Grafikfenster an. Wenn
    kein Grafikfenster vorhanden ist, wird ein neues erzeugt. Ein Farbbild
    muss mit der Funktion RGB2Ind in ein Index-Bild umgewandelt werden. Ein
    Grauwertbild kann mit Grauwerten oder Falschfarben dargestellt werden. Bei
    einem Bild vom Typ boolean werden die Pixel mit dem loschen Wert %t weiß
    und die Pixel mit dem logischen Wert %f schwarz gezeichnet.</para>

    <para>Sie können mit dieser Funktion in einem Grafikfenster nur ein Bild
    anzeigen. Wenn Sie versuchen, zwei oder mehr Bilder im selben Fenster
    anzuzeigen, kann dies zu unbefriedigenden Ergebnissen führen.</para>
  </refsection>

  <refsection>
    <title>Beispiel</title>

    <programlisting role="example">global IPD_PATH;

RGB = ReadImage(IPD_PATH + 'demos\teaset.png');

Bild = RGB2Gray(RGB);

figure(); ShowImage(Bild, 'Grauwertbild');</programlisting>
  </refsection>

  <refsection>
    <title>Siehe auch</title>

    <simplelist type="inline">
      <member><link linkend="Ind2RGB">Ind2RGB</link></member>

      <member><link linkend="RGB2Ind">RGB2Ind</link></member>

      <member><link linkend="ShowColorImage">ShowColorImage</link></member>

      <member><link
      linkend="DrawBoundingBoxes">DrawBoundingBoxes</link></member>
    </simplelist>
  </refsection>
</refentry>
