<?xml version="1.0" encoding="UTF-8"?>
<refentry version="5.0-subset Scilab" xmlns="http://docbook.org/ns/docbook"
          xmlns:xlink="http://www.w3.org/1999/xlink"
          xmlns:xi="http://www.w3.org/2001/XInclude"
          xmlns:svg="http://www.w3.org/2000/svg"
          xmlns:mml="http://www.w3.org/1998/Math/MathML"
          xmlns:html="http://www.w3.org/1999/xhtml"
          xmlns:db="http://docbook.org/ns/docbook">
  <refnamediv xml:id="UpsampleFilter">
    <refname>UpsampleFilter</refname>

    <refpurpose>erweitert einen Vektor</refpurpose>
  </refnamediv>

  <refsynopsisdiv>
    <title>Aufruf</title>

    <synopsis>ErweiterterFilter = UpsampleFilter(Filter);</synopsis>
  </refsynopsisdiv>

  <refsection>
    <title>Parameter</title>

    <variablelist>
      <varlistentry>
        <term>Filter</term>

        <listitem>
          <para>Vektor vom Typ double</para>
        </listitem>
      </varlistentry>

      <varlistentry>
        <term>ErweiterterFilter</term>

        <listitem>
          <para>Vektor vom Typ double</para>
        </listitem>
      </varlistentry>
    </variablelist>
  </refsection>

  <refsection>
    <title>Beschreibung</title>

    <para>Diese Funktion erweitert einen Vektor, indem Nullen zwischen den
    Elementen eingefügt werden. <link
    linkend="CreateWaveletFrames">CreateWaveletFrames</link> ruft diese
    Funktion auf.</para>
  </refsection>

  <refsection>
    <title>Beispiel</title>

    <programlisting role="example">global WAVELET_DAUBECHIES_2;

OriginalFilter = GetWaveletFilters(WAVELET_DAUBECHIES_2);

ErweiterterTiefpass = UpsampleFilter(OriginalFilter.LowPass)

ErweiterterHochpass = UpsampleFilter(OriginalFilter.HighPass)</programlisting>
  </refsection>

  <refsection>
    <title>Siehe auch</title>

    <simplelist type="inline">
      <member><link
      linkend="GetWaveletFilters">GetWaveletFilters</link></member>

      <member><link
      linkend="CreateWaveletFrames">CreateWaveletFrames</link></member>

      <member><link linkend="VarianceFilter">VarianceFilter</link></member>

      <member><link
      linkend="ComputeChannelVariance">ComputeChannelVariance</link></member>
    </simplelist>
  </refsection>
</refentry>
