<?xml version="1.0" encoding="UTF-8"?>
<refentry version="5.0-subset Scilab" xmlns="http://docbook.org/ns/docbook"
          xmlns:xlink="http://www.w3.org/1999/xlink"
          xmlns:xi="http://www.w3.org/2001/XInclude"
          xmlns:svg="http://www.w3.org/2000/svg"
          xmlns:mml="http://www.w3.org/1998/Math/MathML"
          xmlns:html="http://www.w3.org/1999/xhtml"
          xmlns:db="http://docbook.org/ns/docbook">
  <refnamediv xml:id="VarianceFilter">
    <refname>VarianceFilter</refname>

    <refpurpose>berechnet zu jedem Pixel die Varianz der Grauwerte in einer
    Umgebung</refpurpose>
  </refnamediv>

  <refsynopsisdiv>
    <title>Aufruf</title>

    <synopsis>GefiltertesBild = VarianceFilter(Bild);</synopsis>
  </refsynopsisdiv>

  <refsection>
    <title>Parameter</title>

    <variablelist>
      <varlistentry>
        <term>Bild</term>

        <listitem>
          <para>2D-Matrix vom Typ double</para>
        </listitem>
      </varlistentry>

      <varlistentry>
        <term>FilterSize</term>

        <listitem>
          <para>Vektor vom Typ double mit zwei Elementen, das erste gibt die
          Anzahl der Zeilen, das zweite die Anzahl der Spalten des Filters
          an.</para>
        </listitem>
      </varlistentry>

      <varlistentry>
        <term>GefiltertesBild</term>

        <listitem>
          <para>2D-Matrix vom Typ double</para>
        </listitem>
      </varlistentry>
    </variablelist>
  </refsection>

  <refsection>
    <title>Beschreibung</title>

    <para>Diese Funktion berechnet zu jedem Pixel die Varianz der Grauwerte in
    einer Umgebung und wird von <link
    linkend="ComputeChannelVariance">ComputeChannelVariance</link>
    aufgerufen.</para>
  </refsection>

  <refsection>
    <title>Beispiele</title>

    <programlisting role="example">global IPD_PATH;

RGB = ReadImage(IPD_PATH + 'demos\teaset.png');

Bild = RGB2Gray(RGB);

GefiltertesBild = VarianceFilter(Bild, [9 9]);

figure(); ShowImage(Bild, 'Original Image');

figure(); ShowImage(GefiltertesBild, 'Filtered Image');</programlisting>
  </refsection>

  <refsection>
    <title>Siehe auch</title>

    <simplelist type="inline">
      <member><link
      linkend="GetWaveletFilters">GetWaveletFilters</link></member>

      <member><link linkend="UpsampleFilter">UpsampleFilter</link></member>

      <member><link
      linkend="CreateWaveletFrames">CreateWaveletFrames</link></member>

      <member><link
      linkend="ComputeChannelVariance">ComputeChannelVariance</link></member>
    </simplelist>
  </refsection>
</refentry>
