<?xml version="1.0" encoding="UTF-8"?>
<refentry version="5.0-subset Scilab" xmlns="http://docbook.org/ns/docbook"
          xmlns:xlink="http://www.w3.org/1999/xlink"
          xmlns:xi="http://www.w3.org/2001/XInclude"
          xmlns:svg="http://www.w3.org/2000/svg"
          xmlns:mml="http://www.w3.org/1998/Math/MathML"
          xmlns:html="http://www.w3.org/1999/xhtml"
          xmlns:db="http://docbook.org/ns/docbook">
  <refnamediv xml:id="Watershed">
    <refname>Watershed</refname>

    <refpurpose>segmentiert Bild mit Wasserscheidentransformation</refpurpose>
  </refnamediv>

  <refsynopsisdiv>
    <title>Aufruf</title>

    <synopsis>SegmentiertesBild = Watershed(Bild, Marker);</synopsis>
  </refsynopsisdiv>

  <refsection>
    <title>Parameter</title>

    <variablelist>
      <varlistentry>
        <term>Bild</term>

        <listitem>
          <para>2D-Matrix vom Typ uint8</para>
        </listitem>
      </varlistentry>

      <varlistentry>
        <term>Marker</term>

        <listitem>
          <para>2D-Matrix of type boolean, Blobs von %t-Pixel werden als
          Ausgangspunkte verwendet</para>
        </listitem>
      </varlistentry>

      <varlistentry>
        <term>SegmentiertesBild</term>

        <listitem>
          <para>2D-Matrix vom Typ int32, hat die gleiche Größe wie Bild</para>
        </listitem>
      </varlistentry>
    </variablelist>
  </refsection>

  <refsection>
    <title>Beschreibung</title>

    <para>Diese Funktion segmentiert ein Bild mit der
    Wasserscheidentransformation.</para>
  </refsection>

  <refsection>
    <title>Beispiel</title>

    <programlisting role="example">global IPD_PATH;

RGB = ReadImage(IPD_PATH + 'demos\teaset.png');

Bild = RGB2Gray(RGB);

global EDGE_SOBEL;

Gradient = EdgeFilter(Bild, EDGE_SOBEL);

KantenBild = ~SegmentByThreshold(Gradient, 60);

DistanzBild = DistanceTransform(KantenBild);

SchwellwertBild = SegmentByThreshold(DistanzBild, 8);
          
Marker = SearchBlobs(SchwellwertBild);

SegmentiertesBild = Watershed(Gradient, Marker);

figure();

AnzahlFarben = length(unique(SegmentiertesBild));

ShowImage(SegmentiertesBild, ...
                        'Resultat der Waterscheidentransformation', ...
                        jetcolormap(AnzahlFarben));  
</programlisting>
  </refsection>

  <refsection>
    <title>Siehe auch</title>

    <simplelist type="inline">
      <member><link
      linkend="DistanceTransform">DistanceTransform</link></member>

      <member><link linkend="EdgeFilter">EdgeFilter</link></member>
    </simplelist>
  </refsection>
</refentry>
