<?xml version="1.0" encoding="UTF-8"?>
<refentry version="5.0-subset Scilab" xmlns="http://docbook.org/ns/docbook"
          xmlns:xlink="http://www.w3.org/1999/xlink"
          xmlns:xi="http://www.w3.org/2001/XInclude"
          xmlns:svg="http://www.w3.org/2000/svg"
          xmlns:mml="http://www.w3.org/1998/Math/MathML"
          xmlns:html="http://www.w3.org/1999/xhtml"
          xmlns:db="http://docbook.org/ns/docbook">
  <refnamediv xml:id="WriteImageFile">
    <refname>WriteImageFile</refname>

    <refpurpose>speichert Bild in einer Datei, wird von WriteImage
    aufgerufen</refpurpose>
  </refnamediv>

  <refsynopsisdiv>
    <title>Aufruf</title>

    <synopsis>IstGespeichert = WriteImageFile(PixelListe, Dimensionen, BildPfad);</synopsis>
  </refsynopsisdiv>

  <refsection>
    <title>Parameters</title>

    <variablelist>
      <varlistentry>
        <term>PixelListr</term>

        <listitem>
          <para>Spaltenvektor vom Typ uint8, enthält alle Farb- oder Grauwerte
          eines Bildes</para>
        </listitem>
      </varlistentry>

      <varlistentry>
        <term>Dimensionen</term>

        <listitem>
          <para>Zeilen- oder Spaltenvektor vom Typ double, gibt die Anzahl der
          Zeilen, Spalten und Kanäle an</para>
        </listitem>
      </varlistentry>

      <varlistentry>
        <term>BildPfad</term>

        <listitem>
          <para>Name oder vollständiger Pfad der Bilddatei</para>
        </listitem>
      </varlistentry>

      <varlistentry>
        <term>IstGespeichert</term>

        <listitem>
          <para>boolean, ist %t, wenn Bild erfolgreich gespeichert wurde und
          %f, wenn Fehler aufgetreten ist</para>
        </listitem>
      </varlistentry>
    </variablelist>
  </refsection>

  <refsection>
    <title>Beschreibung</title>

    <para>Diese Funktion speichert ein Bild in einer Datei. WriteImage ruft
    diese Funktion auf, so dass Sie WriteImageFile nicht aufrufen
    müssen.</para>
  </refsection>

  <refsection>
    <title>Beispiel</title>

    <programlisting role="example">TestBildDaten = uint8(0 : 255); // Grauwerte von Testbild werden generiert.

Dimensionen = [16 16 1];

global IPD_PATH;

BildPfad = IPD_PATH + 'demos\test.png';

IstGespeichert = WriteImageFile(TestBildDaten, Dimensionen, BildPfad);</programlisting>
  </refsection>

  <refsection>
    <title>Siehe auch</title>

    <simplelist type="inline">
      <member><link linkend="ReadImage">ReadImage</link></member>

      <member><link linkend="WriteImage">WriteImage</link></member>

      <member><link linkend="ReadImageFile">ReadImageFile</link></member>

      <member><link linkend="WriteImageFile">WriteImageFile</link></member>
    </simplelist>
  </refsection>
</refentry>
