<?xml version="1.0" encoding="UTF-8"?>
<refentry version="5.0-subset Scilab" xmlns="http://docbook.org/ns/docbook"
          xmlns:xlink="http://www.w3.org/1999/xlink"
          xmlns:xi="http://www.w3.org/2001/XInclude"
          xmlns:svg="http://www.w3.org/2000/svg"
          xmlns:mml="http://www.w3.org/1998/Math/MathML"
          xmlns:html="http://www.w3.org/1999/xhtml"
          xmlns:db="http://docbook.org/ns/docbook">
  <refnamediv xml:id="WriteImage">
    <refname>WriteImage</refname>

    <refpurpose>speichert ein Bild in einer Datei</refpurpose>
  </refnamediv>

  <refsynopsisdiv>
    <title>Aufruf</title>

    <synopsis>WriteImage(Bild, Pfad);</synopsis>
  </refsynopsisdiv>

  <refsection>
    <title>Parameters</title>

    <variablelist>
      <varlistentry>
        <term>Bild</term>

        <listitem>
          <para>2D- oder 3D-Matrix vom Typ uint8, uint16, uint32, double oder
          boolean</para>
        </listitem>
      </varlistentry>

      <varlistentry>
        <term>Pfad</term>

        <listitem>
          <para>Name oder vollständiger Pfad einer Bilddatei</para>
        </listitem>
      </varlistentry>
    </variablelist>
  </refsection>

  <refsection>
    <title>Beschreibung</title>

    <para>Diese Funktion speichert ein Bild in einer Datei. Das Bild wird als
    drei- oder einkanaliges Bild vom Typ uint8 gespeichert.</para>

    <para>Wenn das Bild vom Typ double oder boolean ist, werden die Grauwerte
    oder Farbintensitäten in das Intervall [0, 255] skaliert.</para>

    <para>Wenn das Bild vom Typ uint16 oder uint32 ist und der maximale Grau-
    oder Farbwert &lt;= 255 ist, wird das Bild nicht verändert. Wenn der
    maximale Grau- oder Farbwert größer als 255 ist, werden alle Werte, die
    größer als null sind in das Intervall [1, 255] skaliert und Werte, die
    null sind, bleiben null.</para>
  </refsection>

  <refsection>
    <title>Beispiel</title>

    <programlisting role="example">global IPD_PATH;

OriginalBild = ReadImage(IPD_PATH + 'demos\teaset.png'); // Bild wird geladen.

WriteImage(OriginalBild, IPD_PATH + 'demos\copy.png'); // Kopie wird gespeichert.

KopiertesBild = ReadImage(IPD_PATH + 'demos\copy.png'); // Kopie wird geladen.

figure(); ShowColorImage(OriginalBild, 'Original'); // Originalbild wird angezeigt.

figure(); ShowColorImage(KopiertesBild, 'Kopie'); // Kopie wird angezeigt.</programlisting>
  </refsection>

  <refsection>
    <title>Siehe auch</title>

    <simplelist type="inline">
      <member><link linkend="ReadImage">ReadImage</link></member>

      <member><link linkend="ReadImageFile">ReadImageFile</link></member>

      <member><link linkend="WriteImageFile">WriteImageFile</link></member>
    </simplelist>
  </refsection>
</refentry>
