<?xml version="1.0" encoding="UTF-8"?>
<refentry version="5.0-subset Scilab" xmlns="http://docbook.org/ns/docbook"
          xmlns:xlink="http://www.w3.org/1999/xlink"
          xmlns:xi="http://www.w3.org/2001/XInclude"
          xmlns:svg="http://www.w3.org/2000/svg"
          xmlns:mml="http://www.w3.org/1998/Math/MathML"
          xmlns:html="http://www.w3.org/1999/xhtml"
          xmlns:db="http://docbook.org/ns/docbook">
  <refnamediv xml:id="AnalyzeBlobs">
    <refname>AnalyzeBlobs</refname>

    <refpurpose>calculates features of blobs</refpurpose>
  </refnamediv>

  <refsynopsisdiv>
    <title>Calling Sequence</title>

    <synopsis>BlobStatistics = AnalyzeBlobs(BlobImage, IsCalculated);</synopsis>
  </refsynopsisdiv>

  <refsection>
    <title>Parameters</title>

    <variablelist>
      <varlistentry>
        <term>BlobImage</term>

        <listitem>
          <para>2D matrix of type int32 or uint32, should be generated using
          SearchBlobs or FilterBySize</para>
        </listitem>
      </varlistentry>

      <varlistentry>
        <term>IsCalculated</term>

        <listitem>
          <para>struct that specifies whether or not a feature shall be
          calculated. This struct must have the following components of type
          boolean:</para>

          <itemizedlist>
            <listitem>
              <para>BoundingBox: column vector with the four elements [upper
              left column; upper left row; witdth; height].</para>
            </listitem>

            <listitem>
              <para>Centroid: vector with the elements [center_column,
              center_row].</para>
            </listitem>

            <listitem>
              <para>PixelIndexList: column vector that contains linear indices
              of all pixels belonging to the blob.</para>
            </listitem>

            <listitem>
              <para>PixelList: matrix with two columns, first column contains
              the column, second component the rows of all pixels belonging to
              the current blob.</para>
            </listitem>
          </itemizedlist>
        </listitem>
      </varlistentry>

      <varlistentry>
        <term>BlobStatistics</term>

        <listitem>
          <para>list that contains as many elements as there are blobs in
          BlobImage. Each element contains a struct with components that have
          the same names as the true-valued components of IsCalculated.</para>
        </listitem>
      </varlistentry>
    </variablelist>
  </refsection>

  <refsection>
    <title>Description</title>

    <para>This function calculates blob features. For each blob a struct is
    generated and stored in a list. The features that shall be calculated must
    be specified. The first input parameter is a blob image. The second
    parameter is a struct with boolean components. This struct can be
    initialized using the function CreateFeatureStruct.</para>
  </refsection>

  <refsection>
    <title>Examples</title>

    <programlisting role="example">global IPD_PATH;

RGB = ReadImage(IPD_PATH + 'demos\teaset.png');

Image = RGB2Gray(RGB);

ThresholdedImage = SegmentByThreshold(Image, 200);

BlobImage = SearchBlobs(ThresholdedImage);

FilteredBlobImage = FilterBySize(BlobImage, 100); // Small objects are removed.

IsCalculated = CreateFeatureStruct(%f); // Feature struct is generated.

IsCalculated.BoundingBox = %t; // The bounding box shall be calculated for each blob.

BlobStatistics = AnalyzeBlobs(FilteredBlobImage, IsCalculated);</programlisting>
  </refsection>

  <refsection>
    <title>See also</title>

    <simplelist type="inline">
      <member><link linkend="SearchBlobs">SearchBlobs</link></member>

      <member><link linkend="FilterBySize">FilterBySize</link></member>

      <member><link
      linkend="CreateFeatureStruct">CreateFeatureStruct</link></member>

      <member><link
      linkend="CreateSizeHistogram">CreateSizeHistogram</link></member>

      <member><link
      linkend="CumulateSizeHistogram">CumulateSizeHistogram</link></member>

      <member><link
      linkend="CreatePixelIndexList">CreatePixelIndexList</link></member>
    </simplelist>
  </refsection>
</refentry>
