<?xml version="1.0" encoding="UTF-8"?>
<refentry version="5.0-subset Scilab" xmlns="http://docbook.org/ns/docbook"
          xmlns:xlink="http://www.w3.org/1999/xlink"
          xmlns:xi="http://www.w3.org/2001/XInclude"
          xmlns:svg="http://www.w3.org/2000/svg"
          xmlns:mml="http://www.w3.org/1998/Math/MathML"
          xmlns:html="http://www.w3.org/1999/xhtml"
          xmlns:db="http://docbook.org/ns/docbook">
  <refnamediv xml:id="CalculateTextureEnergy">
    <refname>CalculateTextureEnergy</refname>

    <refpurpose>calculates Laws Texture Energy</refpurpose>
  </refnamediv>

  <refsynopsisdiv>
    <title>Calling Sequence</title>

    <synopsis>TextureImage = CalculateTextureEnergy(Image, FilterType);</synopsis>
  </refsynopsisdiv>

  <refsection>
    <title>Parameters</title>

    <variablelist>
      <varlistentry>
        <term>Image</term>

        <listitem>
          <para>2D matrix of type uint8, uint16, uint32 or double</para>
        </listitem>
      </varlistentry>

      <varlistentry>
        <term>FilterType</term>

        <listitem>
          <para>scalar of type uint8, can be TEXTURE_EDGE_EDGE,
          TEXTURE_EDGE_LEVEL, TEXTURE_EDGE_RIPPLE, TEXTURE_EDGE_SPOT,
          TEXTURE_LEVEL_RIPPLE, TEXTURE_LEVEL_SPOT, TEXTURE_RIPPLE_RIPPLE,
          TEXTURE_RIPPLE_SPOT or TEXTURE_SPOT_SPOT</para>
        </listitem>
      </varlistentry>

      <varlistentry>
        <term>TextureImage</term>

        <listitem>
          <para>2D matrix of type double and the same size as Image</para>
        </listitem>
      </varlistentry>
    </variablelist>
  </refsection>

  <refsection>
    <title>Description</title>

    <para>This function calculates Laws Texture Energy.</para>
  </refsection>

  <refsection>
    <title>Examples</title>

    <programlisting role="example">global IPD_PATH;

global TEXTURE_EDGE_LEVEL;

RGB = ReadImage(IPD_PATH + 'demos\teaset.png');

Image = RGB2Gray(RGB);

TextureImage = CalculateTextureEnergy(Image, TEXTURE_EDGE_LEVEL);

figure(); ShowImage(TextureImage, 'Texture Image', jetcolormap(max(TextureImage)));</programlisting>
  </refsection>

  <refsection>
    <title>See Also</title>

    <simplelist type="inline">
      <member><link linkend="SeparableFilter">SeparableFilter</link></member>
    </simplelist>
  </refsection>
</refentry>
