<?xml version="1.0" encoding="UTF-8"?>
<refentry version="5.0-subset Scilab" xmlns="http://docbook.org/ns/docbook"
          xmlns:xlink="http://www.w3.org/1999/xlink"
          xmlns:xi="http://www.w3.org/2001/XInclude"
          xmlns:svg="http://www.w3.org/2000/svg"
          xmlns:mml="http://www.w3.org/1998/Math/MathML"
          xmlns:html="http://www.w3.org/1999/xhtml"
          xmlns:db="http://docbook.org/ns/docbook">
  <refnamediv xml:id="CalculateOtsuThreshold">
    <refname>CalculateOtsuThreshold</refname>

    <refpurpose>calculates threshold by Otsu method</refpurpose>
  </refnamediv>

  <refsynopsisdiv>
    <title>Calling Sequence</title>

    <synopsis>Threshold = CalculateOtsuThreshold(Image);</synopsis>
  </refsynopsisdiv>

  <refsection>
    <title>Parameters</title>

    <variablelist>
      <varlistentry>
        <term>Image</term>

        <listitem>
          <para>2D matrix of type uint8, uint16, uint32 or double</para>
        </listitem>
      </varlistentry>

      <varlistentry>
        <term>Threshold</term>

        <listitem>
          <para>result of threshold calculation. The type of Threshold is the
          same as the type of Image.</para>
        </listitem>
      </varlistentry>
    </variablelist>
  </refsection>

  <refsection>
    <title>Description</title>

    <para>This function calculates the threshold of a numeric image using the
    Otsu method.</para>
  </refsection>

  <refsection>
    <title>Examples</title>

    <programlisting role="example">global IPD_PATH;

RGB = ReadImage(IPD_PATH + 'demos\teaset.png');

Image = RGB2Gray(RGB);

Image = uint8(255 * ones(size(Image, 1), size(Image, 2))) - Image;

Threshold = CalculateOtsuThreshold(Image)</programlisting>
  </refsection>

  <refsection>
    <title>See also</title>

    <simplelist type="inline">
      <member><link
      linkend="SegmentByThreshold">SegmentByThreshold</link></member>
    </simplelist>
  </refsection>
</refentry>
