<?xml version="1.0" encoding="UTF-8"?>
<refentry version="5.0-subset Scilab" xmlns="http://docbook.org/ns/docbook"
          xmlns:xlink="http://www.w3.org/1999/xlink"
          xmlns:xi="http://www.w3.org/2001/XInclude"
          xmlns:svg="http://www.w3.org/2000/svg"
          xmlns:mml="http://www.w3.org/1998/Math/MathML"
          xmlns:html="http://www.w3.org/1999/xhtml"
          xmlns:db="http://docbook.org/ns/docbook">
  <refnamediv xml:id="ComputeChannelVariance">
    <refname>ComputeChannelVariance</refname>

    <refpurpose>calculates the gray level variance in a multi channel
    image</refpurpose>
  </refnamediv>

  <refsynopsisdiv>
    <title>Calling Sequence</title>

    <synopsis>ChannelVariance = ComputeChannelVariance(MultiChannelImage, FilterSize);</synopsis>
  </refsynopsisdiv>

  <refsection>
    <title>Parameters</title>

    <variablelist>
      <varlistentry>
        <term>MultiChannelImage</term>

        <listitem>
          <para>3D matrix of type double</para>
        </listitem>
      </varlistentry>

      <varlistentry>
        <term>FilterSize</term>

        <listitem>
          <para>vector of type double with two elements, the first one
          specifies the height, the second one the width of the filter</para>
        </listitem>
      </varlistentry>

      <varlistentry>
        <term>ChannelVariance</term>

        <listitem>
          <para>3D matrix of the same type and size as
          MultiChannelImage</para>
        </listitem>
      </varlistentry>
    </variablelist>
  </refsection>

  <refsection>
    <title>Description</title>

    <para>This function calculates the gray level variance in a neighborhood
    for each pixel of a multi channel image.</para>
  </refsection>

  <refsection>
    <title>Examples</title>

    <programlisting role="example">global WAVELET_DAUBECHIES_2;

global IPD_PATH;

RGB = ReadImage(IPD_PATH + 'demos\small_teaset.png');

Image = RGB2Gray(RGB);

ListOfWaveletImages = CreateWaveletFrames(Image, WAVELET_DAUBECHIES_2, 3);

ChannelVariance = ComputeChannelVariance(ListOfWaveletImages, [9 9]);
</programlisting>
  </refsection>

  <refsection>
    <title>See Also</title>

    <simplelist type="inline">
      <member><link
      linkend="GetWaveletFilters">GetWaveletFilters</link></member>

      <member><link linkend="UpsampleFilter">UpsampleFilter</link></member>

      <member><link
      linkend="CreateWaveletFrames">CreateWaveletFrames</link></member>

      <member><link linkend="VarianceFilter">VarianceFilter</link></member>
    </simplelist>
  </refsection>
</refentry>
