<?xml version="1.0" encoding="UTF-8"?>
<refentry version="5.0-subset Scilab" xmlns="http://docbook.org/ns/docbook"
          xmlns:xlink="http://www.w3.org/1999/xlink"
          xmlns:xi="http://www.w3.org/2001/XInclude"
          xmlns:svg="http://www.w3.org/2000/svg"
          xmlns:mml="http://www.w3.org/1998/Math/MathML"
          xmlns:html="http://www.w3.org/1999/xhtml"
          xmlns:db="http://docbook.org/ns/docbook">
  <refnamediv xml:id="ConvertColorSpace">
    <refname>ConvertColorSpace</refname>

    <refpurpose>converts a color image from a color space to another one or to
    a gray level image</refpurpose>
  </refnamediv>

  <refsynopsisdiv>
    <title>Calling Sequence</title>

    <synopsis>Result = ConvertColorSpace(PixelList, Dimensions, Conversion);</synopsis>
  </refsynopsisdiv>

  <refsection>
    <title>Parameters</title>

    <variablelist>
      <varlistentry>
        <term>PixelList</term>

        <listitem>
          <para>linear list of the pixels of a color image, must be a vector
          of type uint8 or double</para>
        </listitem>
      </varlistentry>

      <varlistentry>
        <term>Dimensions</term>

        <listitem>
          <para>vector of type double containing the numbers of rows, columns
          and channels</para>
        </listitem>
      </varlistentry>

      <varlistentry>
        <term>Conversion</term>

        <listitem>
          <para>constant of type uint8, can be CONVERSION_RGB2GRAY,
          CONVERSION_RGB2LAB or CONVERSION_LAB2RGB</para>
        </listitem>
      </varlistentry>

      <varlistentry>
        <term>Result</term>

        <listitem>
          <para>vector of the same length and type as PixelList</para>
        </listitem>
      </varlistentry>
    </variablelist>
  </refsection>

  <refsection>
    <title>Description</title>

    <para>This function transforms the pixels of a color image from one color
    space to another one. If the list of pixels is of type double, it is
    transformed to a list of floats internally. This function is called by
    RGB2Gray, RGB2LAB and LAB2RGB so you do not need to call it
    yourself.</para>
  </refsection>

  <refsection>
    <title>Examples</title>

    <programlisting role="example">global IPD_PATH;

RGB = ReadImage(IPD_PATH + 'demos\teaset.png');

global CONVERSION_RGB2LAB;

LABPixelList = ConvertColorSpace(RGB(:), size(RGB), CONVERSION_RGB2LAB);

LAB = matrix(LABPixelList, size(RGB));

figure(); ShowImage(LAB(:, :, 1), 'L*');

figure(); ShowImage(LAB(:, :, 2), 'a*');

figure(); ShowImage(LAB(:, :, 3), 'b*');
</programlisting>
  </refsection>

  <refsection>
    <title>See also</title>

    <simplelist type="inline">
      <member><link linkend="RGB2Gray">RGB2Gray</link></member>

      <member><link linkend="RGB2LAB">RGB2LAB</link></member>

      <member><link linkend="LAB2RGB">LAB2RGB</link></member>
    </simplelist>
  </refsection>
</refentry>
