<?xml version="1.0" encoding="UTF-8"?>
<refentry version="5.0-subset Scilab" xmlns="http://docbook.org/ns/docbook"
          xmlns:xlink="http://www.w3.org/1999/xlink"
          xmlns:xi="http://www.w3.org/2001/XInclude"
          xmlns:svg="http://www.w3.org/2000/svg"
          xmlns:mml="http://www.w3.org/1998/Math/MathML"
          xmlns:html="http://www.w3.org/1999/xhtml"
          xmlns:db="http://docbook.org/ns/docbook">
  <refnamediv xml:id="CreateStructureElement">
    <refname>CreateStructureElement</refname>

    <refpurpose>generates a structuring element for morphological
    filters</refpurpose>
  </refnamediv>

  <refsynopsisdiv>
    <title>Calling Sequence</title>

    <synopsis>StructureElement = CreateStructureElement(Name, Parameter);</synopsis>
  </refsynopsisdiv>

  <refsection>
    <title>Parameters</title>

    <variablelist>
      <varlistentry>
        <term>Name</term>

        <listitem>
          <para>a string, can be 'circle', 'square', 'rectangle',
          'vertical_line' , 'horizontal_line' or 'custom'. Name is not case
          sensitive.</para>
        </listitem>
      </varlistentry>

      <varlistentry>
        <term>Parameter</term>

        <listitem>
          <para>specifies the size of the structuring element if Name is not
          'custom'. If Name is 'rectangle', Parameter must be a vector
          containing the width in the first and the height in the second
          component. For all other values of Name, Parameter must be a scalar.
          If name is 'circle', Parameter is the radius of the circle.</para>

          <para>If Name is 'custom', Parameter must be a boolean 2D
          matrix.</para>
        </listitem>
      </varlistentry>

      <varlistentry>
        <term>StructureElement</term>

        <listitem>
          <para>struct with the components</para>

          <itemizedlist>
            <listitem>
              <para>Width: number of columns of structuring element</para>
            </listitem>

            <listitem>
              <para>Height: number of rows of structuring element</para>
            </listitem>

            <listitem>
              <para>Data: boolean matrix</para>
            </listitem>
          </itemizedlist>
        </listitem>
      </varlistentry>
    </variablelist>
  </refsection>

  <refsection>
    <title>Description</title>

    <para>This function generates a structuring element described by a struct
    containing a boolean matrix and the number of columns and rows of this
    matrix.</para>
  </refsection>

  <refsection>
    <title>Examples</title>

    <programlisting role="example">StructureElement = CreateStructureElement('square', 3)</programlisting>
  </refsection>

  <refsection>
    <title>See also</title>

    <simplelist type="inline">
      <member><link linkend="DilateImage">DilateImage</link></member>

      <member><link linkend="ErodeImage">ErodeImage</link></member>

      <member><link linkend="CloseImage">CloseImage</link></member>

      <member><link linkend="OpenImage">OpenImage</link></member>

      <member><link linkend="TopHat">TopHat</link></member>

      <member><link linkend="BottomHat">BottomHat</link></member>

      <member><link
      linkend="MorphologicalFilter">MorphologicalFilter</link></member>
    </simplelist>
  </refsection>
</refentry>
