<?xml version="1.0" encoding="UTF-8"?>
<refentry version="5.0-subset Scilab" xmlns="http://docbook.org/ns/docbook"
          xmlns:xlink="http://www.w3.org/1999/xlink"
          xmlns:xi="http://www.w3.org/2001/XInclude"
          xmlns:svg="http://www.w3.org/2000/svg"
          xmlns:mml="http://www.w3.org/1998/Math/MathML"
          xmlns:html="http://www.w3.org/1999/xhtml"
          xmlns:db="http://docbook.org/ns/docbook">
  <refnamediv xml:id="CreateSizeHistogram">
    <refname>CreateSizeHistogram</refname>

    <refpurpose>calculates a histogram of blob sizes</refpurpose>
  </refnamediv>

  <refsynopsisdiv>
    <title>Calling Sequence</title>

    <synopsis>[SizeHistogram, ListOfBins] = CreateSizeHistogram(BlobImage);

SizeHistogram = CreateSizeHistogram(BlobImage);</synopsis>
  </refsynopsisdiv>

  <refsection>
    <title>Parameters</title>

    <variablelist>
      <varlistentry>
        <term>BlobImage</term>

        <listitem>
          <para>2D matrix of type uint32 or int32</para>
        </listitem>
      </varlistentry>

      <varlistentry>
        <term>SizeHistogram</term>

        <listitem>
          <para>vector that contains the number of blobs that have a number of
          pixels</para>
        </listitem>
      </varlistentry>

      <varlistentry>
        <term>ListOfBins</term>

        <listitem>
          <para>vector that contains the bins of the size histogram, i. e. the
          object sizes</para>
        </listitem>
      </varlistentry>
    </variablelist>
  </refsection>

  <refsection>
    <title>Description</title>

    <para>This function calculates a histogram of blob sizes.</para>
  </refsection>

  <refsection>
    <title>Examples</title>

    <programlisting role="example">global IPD_PATH;

RGB = ReadImage(IPD_PATH + 'demos\teaset.png');

Image = RGB2Gray(RGB);

ThresholdImage = SegmentByThreshold(Image, 200);

BlobImage = SearchBlobs(ThresholdImage);

[SizeHistogram, ListOfBins] = CreateSizeHistogram(BlobImage);

figure(); plot(ListOfBins, SizeHistogram);</programlisting>
  </refsection>

  <refsection>
    <title>See Also</title>

    <simplelist type="inline">
      <member><link linkend="SearchBlobs">SearchBlobs</link></member>

      <member><link linkend="FilterBySize">FilterBySize</link></member>

      <member><link
      linkend="CreateFeatureStruct">CreateFeatureStruct</link></member>

      <member><link linkend="AnalyzeBlobs">AnalyzeBlobs</link></member>

      <member><link
      linkend="CumulateSizeHistogram">CumulateSizeHistogram</link></member>

      <member><link
      linkend="CreatePixelIndexList">CreatePixelIndexList</link></member>
    </simplelist>
  </refsection>
</refentry>
