<?xml version="1.0" encoding="UTF-8"?>
<refentry version="5.0-subset Scilab" xmlns="http://docbook.org/ns/docbook"
          xmlns:xlink="http://www.w3.org/1999/xlink"
          xmlns:xi="http://www.w3.org/2001/XInclude"
          xmlns:svg="http://www.w3.org/2000/svg"
          xmlns:mml="http://www.w3.org/1998/Math/MathML"
          xmlns:html="http://www.w3.org/1999/xhtml"
          xmlns:db="http://docbook.org/ns/docbook">
  <refnamediv xml:id="CreateCumulatedHistogram">
    <refname>CreateCumulatedHistogram</refname>

    <refpurpose>calculates cumulated gray level histogram</refpurpose>
  </refnamediv>

  <refsynopsisdiv>
    <title>Calling Sequence</title>

    <synopsis>CumulatedHistogram = CreateCumulatedHistogram(Image);

[CumulatedHistogram, ListOfBins] = CreateCumulatedHistogram(Image);</synopsis>
  </refsynopsisdiv>

  <refsection>
    <title>Parameters</title>

    <variablelist>
      <varlistentry>
        <term>Image</term>

        <listitem>
          <para>2D matrix of type uint8, uint16, uint32 or double</para>
        </listitem>
      </varlistentry>

      <varlistentry>
        <term>CumulatedHistogram</term>

        <listitem>
          <para>row vector containing the cumulated histogram</para>
        </listitem>
      </varlistentry>

      <varlistentry>
        <term>ListOfBins</term>

        <listitem>
          <para>row vector containing the sorted unique gray values. This
          parameter is optional.</para>
        </listitem>
      </varlistentry>
    </variablelist>
  </refsection>

  <refsection>
    <title>Description</title>

    <para>This function calculates the cumulated histogram of an image of a
    numeric type. The cumulated histogram specifies for each gray level n the
    percentage of pixels with a gray level &lt;= n.</para>
  </refsection>

  <refsection>
    <title>Examples</title>

    <programlisting role="example">global IPD_PATH;

RGB = ReadImage(IPD_PATH + 'demos\teaset.png');

Image = RGB2Gray(RGB);

figure(); ShowImage(Image, 'Gray Level Image');

[CumulatedHistogram ListOfBins] = CreateCumulatedHistogram(Image);

figure(); plot(ListOfBins, CumulatedHistogram);</programlisting>
  </refsection>

  <refsection>
    <title>See also</title>

    <simplelist type="inline">
      <member><link linkend="CreateHistogram">CreateHistogram</link></member>
    </simplelist>
  </refsection>
</refentry>
