<?xml version="1.0" encoding="UTF-8"?>
<refentry version="5.0-subset Scilab" xmlns="http://docbook.org/ns/docbook"
          xmlns:xlink="http://www.w3.org/1999/xlink"
          xmlns:xi="http://www.w3.org/2001/XInclude"
          xmlns:svg="http://www.w3.org/2000/svg"
          xmlns:mml="http://www.w3.org/1998/Math/MathML"
          xmlns:html="http://www.w3.org/1999/xhtml"
          xmlns:db="http://docbook.org/ns/docbook">
  <refnamediv xml:id="CreateWaveletFrames">
    <refname>CreateWaveletFrames</refname>

    <refpurpose>applies wavelet filters to an image</refpurpose>
  </refnamediv>

  <refsynopsisdiv>
    <title>Calling Sequence</title>

    <synopsis>ImageList = CreateWaveletFrames(Image, WaveletType, MaxLevel);</synopsis>
  </refsynopsisdiv>

  <refsection>
    <title>Parameters</title>

    <variablelist>
      <varlistentry>
        <term>Image</term>

        <listitem>
          <para>2D matrix of type uint8, uint16, uint32 or double</para>
        </listitem>
      </varlistentry>

      <varlistentry>
        <term>WaveletType</term>

        <listitem>
          <para>constant of type uint8, the following values are
          possible:</para>

          <itemizedlist>
            <listitem>
              <para>WAVELET_DAUBECHIES_X, 2 &lt;= X &lt;= 20, X = 2 k, k is a
              positive integer</para>
            </listitem>

            <listitem>
              <para>WAVLET_COIFLET_Y, 6 &lt;= Y &lt;= 30, Y = 6 k, k is a
              positive integer</para>
            </listitem>

            <listitem>
              <para>WAVELET_CDF</para>
            </listitem>
          </itemizedlist>
        </listitem>
      </varlistentry>

      <varlistentry>
        <term>MaxLevel</term>

        <listitem>
          <para>integer greater than zero</para>
        </listitem>
      </varlistentry>

      <varlistentry>
        <term>ImageList</term>

        <listitem>
          <para>3D matrix that contains horizontal, diagonal and vertical
          details (in this sequence) for each level. ImageList(:, :, $)
          contains the approximation at MaxLevel.</para>
        </listitem>
      </varlistentry>
    </variablelist>
  </refsection>

  <refsection>
    <title>Description</title>

    <para>This function applies wavelet filters to an image. Unlike the
    discrete wavelet transform, the image is not down sampled at any level,
    but the filters are dilated [1].</para>

    <para>[1] Michael Unser, Texture Classification and Segmentation Using
    Wavelet Frames, IEEE Transactions on Image Processing, vol. 4, no. 11,
    november 1995</para>
  </refsection>

  <refsection>
    <title>Examples</title>

    <programlisting role="example">global WAVELET_DAUBECHIES_2;

global IPD_PATH;

RGB = ReadImage(IPD_PATH + 'demos\small_teaset.png');

Image = RGB2Gray(RGB);

ListOfWaveletImages = CreateWaveletFrames(Image, WAVELET_DAUBECHIES_2, 3);</programlisting>
  </refsection>

  <refsection>
    <title>See Also</title>

    <simplelist type="inline">
      <member><link
      linkend="GetWaveletFilters">GetWaveletFilters</link></member>

      <member><link linkend="UpsampleFilter">UpsampleFilter</link></member>

      <member><link linkend="VarianceFilter">VarianceFilter</link></member>

      <member><link
      linkend="ComputeChannelVariance">ComputeChannelVariance</link></member>
    </simplelist>
  </refsection>
</refentry>
