<?xml version="1.0" encoding="UTF-8"?>
<refentry version="5.0-subset Scilab" xmlns="http://docbook.org/ns/docbook"
          xmlns:xlink="http://www.w3.org/1999/xlink"
          xmlns:xi="http://www.w3.org/2001/XInclude"
          xmlns:svg="http://www.w3.org/2000/svg"
          xmlns:mml="http://www.w3.org/1998/Math/MathML"
          xmlns:html="http://www.w3.org/1999/xhtml"
          xmlns:db="http://docbook.org/ns/docbook">
  <refnamediv xml:id="CreateHistogram">
    <refname>CreateHistogram</refname>

    <refpurpose>calculates the gray level histogram of an image</refpurpose>
  </refnamediv>

  <refsynopsisdiv>
    <title>Calling Sequence</title>

    <synopsis>Histogram = CreateHistogram(Image);

[Histogram, ListOfBins] = CreateHistogram(Image);

Histogram = CreateHistogram(Image, NumberOfBins);

[Histogram, ListOfBins] = CreateHistogram(Image, NumberOfBins);</synopsis>
  </refsynopsisdiv>

  <refsection>
    <title>Parameters</title>

    <variablelist>
      <varlistentry>
        <term>Image</term>

        <listitem>
          <para>2D matrix of type uint8, uint16, uint32, double or
          boolean</para>
        </listitem>
      </varlistentry>

      <varlistentry>
        <term>NumberOfBins</term>

        <listitem>
          <para>number of gray level intervals for an image of type double.
          This parameter is optional and it is ignored if Image is of any type
          other than double.</para>
        </listitem>
      </varlistentry>

      <varlistentry>
        <term>Histogram</term>

        <listitem>
          <para>row vector containing the number of pixels for each gray
          value</para>
        </listitem>
      </varlistentry>

      <varlistentry>
        <term>ListOfBins</term>

        <listitem>
          <para>row vector containing the bins. This parameter is
          optional.</para>
        </listitem>
      </varlistentry>
    </variablelist>
  </refsection>

  <refsection>
    <title>Description</title>

    <para>This function calculates the gray level histogram for an image. If
    the image is of type double, the number of gray level intervals can be
    specified.</para>
  </refsection>

  <refsection>
    <title>Examples</title>

    <programlisting role="example">global IPD_PATH;

RGB = ReadImage(IPD_PATH + 'demos\teaset.png');

Image = RGB2Gray(RGB);

figure(); ShowImage(Image, 'Gray Level Image');

Histogram = CreateHistogram(Image, 10);

figure(); plot(Histogram);</programlisting>
  </refsection>

  <refsection>
    <title>See also</title>

    <simplelist type="inline">
      <member><link
      linkend="CreateCumulatedHistogram">CreateCumulatedHistogram</link></member>
    </simplelist>
  </refsection>
</refentry>
