<?xml version="1.0" encoding="UTF-8"?>
<refentry version="5.0-subset Scilab" xmlns="http://docbook.org/ns/docbook"
          xmlns:xlink="http://www.w3.org/1999/xlink"
          xmlns:xi="http://www.w3.org/2001/XInclude"
          xmlns:svg="http://www.w3.org/2000/svg"
          xmlns:mml="http://www.w3.org/1998/Math/MathML"
          xmlns:html="http://www.w3.org/1999/xhtml"
          xmlns:db="http://docbook.org/ns/docbook">
  <refnamediv xml:id="CreatePixelIndexList">
    <refname>CreatePixelIndexList</refname>

    <refpurpose>creates a list of pixel indices for each blob in a blob
    image</refpurpose>
  </refnamediv>

  <refsynopsisdiv>
    <title>Calling Sequence</title>

    <synopsis>PixelIndexMatrix = CreatePixelIndexList(BlobImage);</synopsis>
  </refsynopsisdiv>

  <refsection>
    <title>Parameters</title>

    <variablelist>
      <varlistentry>
        <term>BlobImage</term>

        <listitem>
          <para>2D matrix of type uint32</para>
        </listitem>
      </varlistentry>

      <varlistentry>
        <term>PixelIndexMatrix</term>

        <listitem>
          <para>Matrix of type int32 (Scilab 5.2.0) or uint32(Scilab 5.2.1 or
          higher) that has as many columns as BlobImage contains blobs and as
          many rows as the biggest blob has pixels. If a blob has n pixels,
          the first n rows contain the n pixel indices.</para>
        </listitem>
      </varlistentry>
    </variablelist>
  </refsection>

  <refsection>
    <title>Description</title>

    <para>This function creates a matrix of pixel indices. Each column
    corresponds to a blob. If a blob has n pixels, the first n rows contain
    the n pixel indices. AnalyzeBlobs calls this function so you do not need
    to call it yourself.</para>
  </refsection>

  <refsection>
    <title>Examples</title>

    <programlisting role="example">global IPD_PATH;

RGB = ReadImage(IPD_PATH + 'demos\teaset.png');

Image = RGB2Gray(RGB);

ThresholdedImage = SegmentByThreshold(Image, 200);

BlobImage = SearchBlobs(ThresholdedImage);

FilteredBlobImage = FilterBySize(BlobImage, 100); // Small objects are removed.

IsCalculated = CreateFeatureStruct(%f); // Feature struct is generated.

IsCalculated.PixelIndexList = %t; // The pixel index list shall be calculated for each blob.

SizeHistogram = CreateHistogram(FilteredBlobImage);
 
NumberOfObjects = length(SizeHistogram) - 1;

PixelIndexMatrix = CreatePixelIndexList(FilteredBlobImage);

for n = 1 : NumberOfObjects
  
 PixelIndexList = PixelIndexMatrix(1 : SizeHistogram(n + 1), n);

 disp(PixelIndexList);

end;

</programlisting>
  </refsection>

  <refsection>
    <title>See also</title>

    <simplelist type="inline">
      <member><link linkend="SearchBlobs">SearchBlobs</link></member>

      <member><link linkend="FilterBySize">FilterBySize</link></member>

      <member><link
      linkend="CreateFeatureStruct">CreateFeatureStruct</link></member>

      <member><link linkend="AnalyzeBlobs">AnalyzeBlobs</link></member>

      <member><link
      linkend="CreateSizeHistogram">CreateSizeHistogram</link></member>

      <member><link
      linkend="CumulateSizeHistogram">CumulateSizeHistogram</link></member>
    </simplelist>
  </refsection>
</refentry>
