<?xml version="1.0" encoding="UTF-8"?>
<refentry version="5.0-subset Scilab" xmlns="http://docbook.org/ns/docbook"
          xmlns:xlink="http://www.w3.org/1999/xlink"
          xmlns:xi="http://www.w3.org/2001/XInclude"
          xmlns:svg="http://www.w3.org/2000/svg"
          xmlns:mml="http://www.w3.org/1998/Math/MathML"
          xmlns:html="http://www.w3.org/1999/xhtml"
          xmlns:db="http://docbook.org/ns/docbook">
  <refnamediv xml:id="CreateFeatureStruct">
    <refname>CreateFeatureStruct</refname>

    <refpurpose>generates a struct that can be used as input parameter for
    AnalyzeBlobs</refpurpose>
  </refnamediv>

  <refsynopsisdiv>
    <title>Calling Sequence</title>

    <synopsis>IsCalculated = CreateFeatureStruct(InitialValue);</synopsis>
  </refsynopsisdiv>

  <refsection>
    <title>Parameters</title>

    <variablelist>
      <varlistentry>
        <term>InitialValue</term>

        <listitem>
          <para>boolean, specifies whether all components shall be %t or %f.
          This parameter is optional. The default value is %f.</para>
        </listitem>
      </varlistentry>

      <varlistentry>
        <term>IsCalculated</term>

        <listitem>
          <para>struct with the following components:</para>

          <itemizedlist>
            <listitem>
              <para>BoundingBox: column vector with the four elements [upper
              left column; upper left row; witdth; height].</para>
            </listitem>

            <listitem>
              <para>Centroid: vector with the elements [center column, center
              row].</para>
            </listitem>

            <listitem>
              <para>PixelIndexList: column vector that contains linear indices
              of all pixels belonging to the blob.</para>
            </listitem>

            <listitem>
              <para>PixelList: matrix with two columns, first column contains
              the columns, second component the rows of all pixels belonging
              to the current blob.</para>
            </listitem>
          </itemizedlist>
        </listitem>
      </varlistentry>
    </variablelist>
  </refsection>

  <refsection>
    <title>Description</title>

    <para>This function generates a struct that can be used as input parameter
    for AnalyzeBlobs.</para>
  </refsection>

  <refsection>
    <title>Examples</title>

    <programlisting role="example">IsCalculated = CreateFeatureStruct(%t)</programlisting>
  </refsection>

  <refsection>
    <title>See also</title>

    <simplelist type="inline">
      <member><link linkend="SearchBlobs">SearchBlobs</link></member>

      <member><link linkend="FilterBySize">FilterBySize</link></member>

      <member><link linkend="AnalyzeBlobs">AnalyzeBlobs</link></member>

      <member><link
      linkend="CreateSizeHistogram">CreateSizeHistogram</link></member>

      <member><link
      linkend="CumulateSizeHistogram">CumulateSizeHistogram</link></member>

      <member><link
      linkend="CreatePixelIndexList">CreatePixelIndexList</link></member>
    </simplelist>
  </refsection>
</refentry>
