<?xml version="1.0" encoding="UTF-8"?>
<refentry version="5.0-subset Scilab" xmlns="http://docbook.org/ns/docbook"
          xmlns:xlink="http://www.w3.org/1999/xlink"
          xmlns:xi="http://www.w3.org/2001/XInclude"
          xmlns:svg="http://www.w3.org/2000/svg"
          xmlns:mml="http://www.w3.org/1998/Math/MathML"
          xmlns:html="http://www.w3.org/1999/xhtml"
          xmlns:db="http://docbook.org/ns/docbook">
  <refnamediv xml:id="CumulateSizeHistogram">
    <refname>CumulateSizeHistogram</refname>

    <refpurpose>calculates a cumulated histogram of blob sizes</refpurpose>
  </refnamediv>

  <refsynopsisdiv>
    <title>Calling Sequence</title>

    <synopsis>[CumulatedSizeHistogram ListOfSizes] = CumulateSizeHistogram(BlobImage);

CumulatedSizeHistogram = CumulateSizeHistogram(BlobImage);</synopsis>
  </refsynopsisdiv>

  <refsection>
    <title>Parameters</title>

    <variablelist>
      <varlistentry>
        <term>BlobImage</term>

        <listitem>
          <para>2D matrix of type uint32 or int32</para>
        </listitem>
      </varlistentry>

      <varlistentry>
        <term>CumulatedSizeHistogram</term>

        <listitem>
          <para>row vector containing the cumulated histogram</para>
        </listitem>
      </varlistentry>

      <varlistentry>
        <term>ListOfSizes</term>

        <listitem>
          <para>vector that contains all blob sizes. This parameter is
          optional.</para>
        </listitem>
      </varlistentry>
    </variablelist>
  </refsection>

  <refsection>
    <title>Description</title>

    <para>This function calculates a cumulated histogram of blob sizes.</para>
  </refsection>

  <refsection>
    <title>Examples</title>

    <programlisting role="example">global IPD_PATH;

RGB = ReadImage(IPD_PATH + 'demos\teaset.png');

Image = RGB2Gray(RGB);

ThresholdImage = SegmentByThreshold(Image, 200);

BlobImage = SearchBlobs(ThresholdImage);

[CumulatedSizeHistogram ListOfSizes] = CumulateSizeHistogram(BlobImage);

figure(); plot(ListOfSizes, CumulatedSizeHistogram);</programlisting>
  </refsection>

  <refsection>
    <title>See Also</title>

    <simplelist type="inline">
      <member><link linkend="SearchBlobs">SearchBlobs</link></member>

      <member><link linkend="FilterBySize">FilterBySize</link></member>

      <member><link
      linkend="CreateFeatureStruct">CreateFeatureStruct</link></member>

      <member><link linkend="AnalyzeBlobs">AnalyzeBlobs</link></member>

      <member><link
      linkend="CreateSizeHistogram">CreateSizeHistogram</link></member>

      <member><link
      linkend="CreatePixelIndexList">CreatePixelIndexList</link></member>
    </simplelist>
  </refsection>
</refentry>
