<?xml version="1.0" encoding="UTF-8"?>
<refentry version="5.0-subset Scilab" xmlns="http://docbook.org/ns/docbook"
          xmlns:xlink="http://www.w3.org/1999/xlink"
          xmlns:xi="http://www.w3.org/2001/XInclude"
          xmlns:svg="http://www.w3.org/2000/svg"
          xmlns:mml="http://www.w3.org/1998/Math/MathML"
          xmlns:html="http://www.w3.org/1999/xhtml"
          xmlns:db="http://docbook.org/ns/docbook">
  <refnamediv xml:id="DistanceTransform">
    <refname>DistanceTransform</refname>

    <refpurpose>calculates the distance transform of an edge
    image</refpurpose>
  </refnamediv>

  <refsynopsisdiv>
    <title>Calling Sequence</title>

    <synopsis>DistanceImage = DistanceTransform(EdgeImage);</synopsis>
  </refsynopsisdiv>

  <refsection>
    <title>Parameters</title>

    <variablelist>
      <varlistentry>
        <term>EdgeImage</term>

        <listitem>
          <para>2D matrix of type boolean</para>
        </listitem>
      </varlistentry>

      <varlistentry>
        <term>DistanceImage</term>

        <listitem>
          <para>2D matrix of type uint8, has the same size as EdgeImage</para>
        </listitem>
      </varlistentry>
    </variablelist>
  </refsection>

  <refsection>
    <title>Description</title>

    <para>This function calculates the distance transform of an edge
    image.</para>
  </refsection>

  <refsection>
    <title>Examples</title>

    <programlisting role="example">global IPD_PATH;

RGB = ReadImage(IPD_PATH + 'demos\teaset.png');

Image = RGB2Gray(RGB);

global EDGE_SOBEL;

Gradient = EdgeFilter(Image, EDGE_SOBEL);

EdgeImage = ~SegmentByThreshold(Gradient, 60);

DistanceImage = DistanceTransform(EdgeImage);

figure(); ShowImage(DistanceImage, 'Result of Distance Transform', jetcolormap(256));</programlisting>
  </refsection>

  <refsection>
    <title>See Also</title>

    <simplelist type="inline">
      <member><link linkend="EdgeFilter">EdgeFilter</link></member>

      <member><link linkend="Watershed">Watershed</link></member>
    </simplelist>
  </refsection>
</refentry>
