<?xml version="1.0" encoding="UTF-8"?>
<refentry version="5.0-subset Scilab" xmlns="http://docbook.org/ns/docbook"
          xmlns:xlink="http://www.w3.org/1999/xlink"
          xmlns:xi="http://www.w3.org/2001/XInclude"
          xmlns:svg="http://www.w3.org/2000/svg"
          xmlns:mml="http://www.w3.org/1998/Math/MathML"
          xmlns:html="http://www.w3.org/1999/xhtml"
          xmlns:db="http://docbook.org/ns/docbook">
  <refnamediv xml:id="DrawBoundingBoxes">
    <refname>DrawBoundingBoxes</refname>

    <refpurpose>draws bounding boxes into an image</refpurpose>
  </refnamediv>

  <refsynopsisdiv>
    <title>Calling Sequence</title>

    <synopsis>DrawBoundingBoxes(BlobList, Color, FigureHandle);</synopsis>
  </refsynopsisdiv>

  <refsection>
    <title>Parameters</title>

    <variablelist>
      <varlistentry>
        <term>BlobList</term>

        <listitem>
          <para>a list of blob features, should be generated using
          AnalyzeBlobs</para>
        </listitem>
      </varlistentry>

      <varlistentry>
        <term>Color</term>

        <listitem>
          <para>a vector with three elements, all elements must be in the
          interval [0, 1].</para>
        </listitem>
      </varlistentry>

      <varlistentry>
        <term>FigureHandle</term>

        <listitem>
          <para>Handle to the graphic window where the bounding boxes shall be
          drawn. This parameter is optional. If it is omitted, the bounding
          boxes are drawn in the current figure.</para>
        </listitem>
      </varlistentry>
    </variablelist>
  </refsection>

  <refsection>
    <title>Description</title>

    <para>This function draws bounding boxes into an image. Thus it is
    possible to mark objects found in an image with rectangles.</para>
  </refsection>

  <refsection>
    <title>Examples</title>

    <programlisting role="example">global IPD_PATH;

RGB = ReadImage(IPD_PATH + 'demos\teaset.png');

Image = RGB2Gray(RGB);

Image = uint8(255 * ones(size(Image, 1), size(Image, 2))) - Image;

ThresholdedImage = SegmentByThreshold(Image, 100);

BlobImage = SearchBlobs(ThresholdedImage);

FilteredBlobImage = FilterBySize(BlobImage, 10000); // Small objects are removed.

IsCalculated = CreateFeatureStruct(%f); // Feature struct is generated.

IsCalculated.BoundingBox = %t; // The bounding box shall be calculated for each blob.

BlobStatistics = AnalyzeBlobs(FilteredBlobImage, IsCalculated);

FigureWindow = figure();

ShowImage(FilteredBlobImage, 'Blob Image', jetcolormap(4));

DrawBoundingBoxes(BlobStatistics, [1 1 1], FigureWindow); // Bounding boxes are drawn in white.
</programlisting>
  </refsection>

  <refsection>
    <title>See also</title>

    <simplelist type="inline">
      <member><link linkend="Ind2RGB">Ind2RGB</link></member>

      <member><link linkend="RGB2Ind">RGB2Ind</link></member>

      <member><link linkend="ShowImage">ShowImage</link></member>

      <member><link linkend="ShowColorImage">ShowColorImage</link></member>
    </simplelist>
  </refsection>
</refentry>
