<?xml version="1.0" encoding="UTF-8"?>
<refentry version="5.0-subset Scilab" xmlns="http://docbook.org/ns/docbook"
          xmlns:xlink="http://www.w3.org/1999/xlink"
          xmlns:xi="http://www.w3.org/2001/XInclude"
          xmlns:svg="http://www.w3.org/2000/svg"
          xmlns:mml="http://www.w3.org/1998/Math/MathML"
          xmlns:html="http://www.w3.org/1999/xhtml"
          xmlns:db="http://docbook.org/ns/docbook">
  <refnamediv xml:id="FilterBySize">
    <refname>FilterBySize</refname>

    <refpurpose>filters out blobs that have less pixels than a lower bound or
    more pixels than an upper bound.</refpurpose>
  </refnamediv>

  <refsynopsisdiv>
    <title>Calling Sequence</title>

    <synopsis>FilteredImage = FilterBySize(Image, MinArea);

FilteredImage = FilterBySize(Image, MinArea, MaxArea);</synopsis>
  </refsynopsisdiv>

  <refsection>
    <title>Parameters</title>

    <variablelist>
      <varlistentry>
        <term>Image</term>

        <listitem>
          <para>2D matrix of type uint32 or int32, should be generated by
          SearchBlobs</para>
        </listitem>
      </varlistentry>

      <varlistentry>
        <term>MinArea</term>

        <listitem>
          <para>minimum number of pixels a blobs can have</para>
        </listitem>
      </varlistentry>

      <varlistentry>
        <term>MaxArea</term>

        <listitem>
          <para>maximum number of pixels a blob can have. This parameter is
          optional.</para>
        </listitem>
      </varlistentry>
    </variablelist>
  </refsection>

  <refsection>
    <title>Description</title>

    <para>This function filters out objects from a blob image that have less
    pixels than a lower bound or more pixels than an upper bound. Image should
    be generated by SearchBlobs.</para>
  </refsection>

  <refsection>
    <title>Examples</title>

    <programlisting role="example">Image = rand(9, 9) // generate random image

Threshold = CalculateOtsuThreshold(Image); // calculate a threshold

BinaryImage = SegmentByThreshold(Image, Threshold) // segment image

BlobImage = SearchBlobs(BinaryImage) // blob image is generated

FilteredBlobImage = FilterBySize(BlobImage, 3, 60)</programlisting>
  </refsection>

  <refsection>
    <title>See also</title>

    <simplelist type="inline">
      <member><link linkend="SearchBlobs">SearchBlobs</link></member>

      <member><link
      linkend="CreateFeatureStruct">CreateFeatureStruct</link></member>

      <member><link linkend="AnalyzeBlobs">AnalyzeBlobs</link></member>

      <member><link
      linkend="CreateSizeHistogram">CreateSizeHistogram</link></member>

      <member><link
      linkend="CumulateSizeHistogram">CumulateSizeHistogram</link></member>

      <member><link
      linkend="CreatePixelIndexList">CreatePixelIndexList</link></member>
    </simplelist>
  </refsection>
</refentry>
