<?xml version="1.0" encoding="UTF-8"?>
<refentry version="5.0-subset Scilab" xmlns="http://docbook.org/ns/docbook"
          xmlns:xlink="http://www.w3.org/1999/xlink"
          xmlns:xi="http://www.w3.org/2001/XInclude"
          xmlns:svg="http://www.w3.org/2000/svg"
          xmlns:mml="http://www.w3.org/1998/Math/MathML"
          xmlns:html="http://www.w3.org/1999/xhtml"
          xmlns:db="http://docbook.org/ns/docbook">
  <refnamediv xml:id="FindBestMatches">
    <refname>FindBestMatches</refname>

    <refpurpose>searches the positions where a template image is most similar
    to a source image</refpurpose>
  </refnamediv>

  <refsynopsisdiv>
    <title>Calling Sequence</title>

    <synopsis>MatchList = FindBestMatches(Match, TemplateImageSize, Method);</synopsis>
  </refsynopsisdiv>

  <refsection>
    <title>Parameters</title>

    <variablelist>
      <varlistentry>
        <term>Match</term>

        <listitem>
          <para>2D matrix of type double, is the result of
          MatchTemplate</para>
        </listitem>
      </varlistentry>

      <varlistentry>
        <term>TemplateImageSize</term>

        <listitem>
          <para>vector with two elements, specifies the numbers of rows and
          columns of template image</para>
        </listitem>
      </varlistentry>

      <varlistentry>
        <term>Method</term>

        <listitem>
          <para>constant of type uint8, the following values are
          possible:</para>

          <itemizedlist>
            <listitem>
              <para>MATCH_LEAST_SQUARES: sum of quadratic gray value
              differences between source and template pixels</para>
            </listitem>

            <listitem>
              <para>MATCH_CORRELATION: correlation between template image and
              covered part of source image</para>
            </listitem>

            <listitem>
              <para>MATCH_LEAST_SQUARES_NORM: normalized sum of quadratic gray
              value differences between source and template pixels</para>
            </listitem>

            <listitem>
              <para>MATCH_CORRELATION_NORM: normalized correlation between
              template image and covered part of source image</para>
            </listitem>
          </itemizedlist>
        </listitem>
      </varlistentry>

      <varlistentry>
        <term>MatchList</term>

        <listitem>
          <para>matrix with two columns, each line contains the coordinates of
          a pixel. The first elements specifies the x coordinate, the second
          specifies the y coordinate</para>
        </listitem>
      </varlistentry>
    </variablelist>
  </refsection>

  <refsection>
    <title>Description</title>

    <para>This function earches the positions where a template image is most
    similar to a source image. The coordinates of the found pixels are
    re-calculated according to the size of the source image.</para>
  </refsection>

  <refsection>
    <title>Examples</title>

    <programlisting role="example">global MATCH_CORRELATION_NORM;

global IPD_PATH;

SourceColorImage = ReadImage(IPD_PATH + 'demos\teaset.png');

SourceImage = RGB2Gray(SourceColorImage);

TemplateColorImage = ReadImage(IPD_PATH + 'demos\cropped_image.png');

TemplateImage = RGB2Gray(TemplateColorImage);

Match = MatchTemplate(SourceImage, TemplateImage, MATCH_CORRELATION_NORM);
                      
MatchList = FindBestMatches(Match, size(TemplateImage), MATCH_CORRELATION_NORM);
                            
SquareList = list();
                            
for n = 1 : size(MatchList, 1)
  
 SquareList($ + 1) = struct('BoundingBox', cat(2, MatchList(n, :) - [1 1], [3 3])');
  
end;                            

SourceHandle = figure();
                            
ShowColorImage(SourceColorImage, 'Image with Marked Match Positions');

DrawBoundingBoxes(SquareList, [0 1 0], SourceHandle);

TemplateHandle = figure();

ShowColorImage(TemplateColorImage, 'Template Image');</programlisting>
  </refsection>

  <refsection>
    <title>See Also</title>

    <simplelist type="inline">
      <member><link linkend="MatchTemplate">MatchTemplate</link></member>
    </simplelist>
  </refsection>
</refentry>
