<?xml version="1.0" encoding="UTF-8"?>
<refentry version="5.0-subset Scilab" xmlns="http://docbook.org/ns/docbook"
          xmlns:xlink="http://www.w3.org/1999/xlink"
          xmlns:xi="http://www.w3.org/2001/XInclude"
          xmlns:svg="http://www.w3.org/2000/svg"
          xmlns:mml="http://www.w3.org/1998/Math/MathML"
          xmlns:html="http://www.w3.org/1999/xhtml"
          xmlns:db="http://docbook.org/ns/docbook">
  <refnamediv xml:id="GetVideoInfo">
    <refname>GetVideoInfo</refname>

    <refpurpose>retrieves properties of a video file, is called by
    GetVideoStruct</refpurpose>
  </refnamediv>

  <refsynopsisdiv>
    <title>Calling Sequence</title>

    <synopsis>VideoInfoAsList = GetVideoInfo(VideoPath);</synopsis>
  </refsynopsisdiv>

  <refsection>
    <title>Parameters</title>

    <variablelist>
      <varlistentry>
        <term>VideoPath</term>

        <listitem>
          <para>the name or complete path of a video file, must be a
          string</para>
        </listitem>
      </varlistentry>

      <varlistentry>
        <term>VideoInfoAsList</term>

        <listitem>
          <para>list containing properties of the video file and their
          names</para>
        </listitem>
      </varlistentry>
    </variablelist>
  </refsection>

  <refsection>
    <title>Description</title>

    <para>This function retrieves the codec, number of frames, frame rate,
    number of columns and rows of the frames and whether the video is color or
    gray scale. The return value is a list. The odd items are the names of the
    retrieved properties. If you prefer to retrieve the video properties as a
    struct, use <link linkend="GetVideoStruct">GetVideoStruct</link>.</para>
  </refsection>

  <refsection>
    <title>Examples</title>

    <programlisting role="example">global IPD_PATH;

VideoInfoAsList = GetVideoInfo(IPD_PATH + 'demos\red-car-video.avi');

for n = 1 : length(VideoInfoAsList)

disp(VideoInfoAsList(n));

end;
</programlisting>
  </refsection>

  <refsection>
    <title>See Also</title>

    <simplelist type="inline">
      <member><link linkend="GetVideoStruct">GetVideoStruct</link></member>

      <member><link linkend="OpenVideoFile">OpenVideoFile</link></member>

      <member><link linkend="ReadImage">ReadImage</link></member>

      <member><link linkend="CloseVideoFile">CloseVideoFile</link></member>

      <member><link
      linkend="ReadImageFromVideo">ReadImageFromVideo</link></member>
    </simplelist>
  </refsection>
</refentry>
