<?xml version="1.0" encoding="UTF-8"?>
<refentry version="5.0-subset Scilab" xmlns="http://docbook.org/ns/docbook"
          xmlns:xlink="http://www.w3.org/1999/xlink"
          xmlns:xi="http://www.w3.org/2001/XInclude"
          xmlns:svg="http://www.w3.org/2000/svg"
          xmlns:mml="http://www.w3.org/1998/Math/MathML"
          xmlns:html="http://www.w3.org/1999/xhtml"
          xmlns:db="http://docbook.org/ns/docbook">
  <refnamediv xml:id="GetVideoStruct">
    <refname>GetVideoStruct</refname>

    <refpurpose>retrieves the properties of a video file</refpurpose>
  </refnamediv>

  <refsynopsisdiv>
    <title>Calling Sequence</title>

    <synopsis>VideoStruct = GetVideoStruct(VideoPath);</synopsis>
  </refsynopsisdiv>

  <refsection>
    <title>Parameters</title>

    <variablelist>
      <varlistentry>
        <term>VideoPath</term>

        <listitem>
          <para>the name or complete path of a video file, must be a
          string</para>
        </listitem>
      </varlistentry>

      <varlistentry>
        <term>VideoInfo</term>

        <listitem>
          <para>struct with the following components:</para>

          <itemizedlist>
            <listitem>
              <para>Codec: name of the codec</para>
            </listitem>
          </itemizedlist>

          <itemizedlist>
            <listitem>
              <para>NumberOfFrames: the number of frames in the video
              file</para>
            </listitem>
          </itemizedlist>

          <itemizedlist>
            <listitem>
              <para>FrameRate: number of frames taken per second during
              recording</para>
            </listitem>
          </itemizedlist>

          <itemizedlist>
            <listitem>
              <para>Width: number of columns of a frame</para>
            </listitem>
          </itemizedlist>

          <itemizedlist>
            <listitem>
              <para>Height: number of rows of a frame</para>
            </listitem>
          </itemizedlist>

          <itemizedlist>
            <listitem>
              <para>IsColor: spefies whether the video is color (%t) or gray
              scale (%f)</para>
            </listitem>
          </itemizedlist>
        </listitem>
      </varlistentry>
    </variablelist>
  </refsection>

  <refsection>
    <title>Description</title>

    <para>This function retrieves the codec, number of frames, frame rate,
    number of columns and rows of the frames and whether the video is color or
    gray scale.</para>
  </refsection>

  <refsection>
    <title>Examples</title>

    <programlisting role="example">global IPD_PATH;

VideoStruct = GetVideoStruct(IPD_PATH + 'demos\red-car-video.avi')</programlisting>
  </refsection>

  <refsection>
    <title>See Also</title>

    <simplelist type="inline">
      <member><link linkend="OpenVideoFile">OpenVideoFile</link></member>

      <member><link linkend="ReadImage">ReadImage</link></member>

      <member><link linkend="CloseVideoFile">CloseVideoFile</link></member>

      <member><link linkend="GetVideoInfo">GetVideoInfo</link></member>

      <member><link
      linkend="ReadImageFromVideo">ReadImageFromVideo</link></member>
    </simplelist>
  </refsection>
</refentry>
