<?xml version="1.0" encoding="UTF-8"?>
<refentry version="5.0-subset Scilab" xmlns="http://docbook.org/ns/docbook"
          xmlns:xlink="http://www.w3.org/1999/xlink"
          xmlns:xi="http://www.w3.org/2001/XInclude"
          xmlns:svg="http://www.w3.org/2000/svg"
          xmlns:mml="http://www.w3.org/1998/Math/MathML"
          xmlns:html="http://www.w3.org/1999/xhtml"
          xmlns:db="http://docbook.org/ns/docbook">
  <refnamediv xml:id="GetWaveletFilters">
    <refname>GetWaveletFilters</refname>

    <refpurpose>returns the high pass filter and low pass filter of a
    wavelet</refpurpose>
  </refnamediv>

  <refsynopsisdiv>
    <title>Calling Sequence</title>

    <synopsis>WaveletFilter = GetWaveletFilters(WaveletType);</synopsis>
  </refsynopsisdiv>

  <refsection>
    <title>Parameters</title>

    <variablelist>
      <varlistentry>
        <term>WaveletType</term>

        <listitem>
          <para>constant of type uint8, the following values are
          possible:</para>

          <itemizedlist>
            <listitem>
              <para>WAVELET_DAUBECHIES_X, 2 &lt;= X &lt;= 20, X = 2 k, k is a
              positive integer</para>
            </listitem>

            <listitem>
              <para>WAVLET_COIFLET_Y, 6 &lt;= Y &lt;= 30, Y = 6 k, k is a
              positive integer</para>
            </listitem>

            <listitem>
              <para>WAVELET_CDF</para>
            </listitem>
          </itemizedlist>
        </listitem>
      </varlistentry>

      <varlistentry>
        <term>WaveletFilter</term>

        <listitem>
          <para>struct with the components LowPass and HighPass</para>
        </listitem>
      </varlistentry>
    </variablelist>
  </refsection>

  <refsection>
    <title>Description</title>

    <para>This function returns the high pass filter and low pass filter of a
    Daubechies wavelet, Coiflet or Cohen Daubechies Feauveau wavelet (CDF).
    These filters can be used to create wavelet frames (s. <link
    linkend="CreateWaveletFrames">CreateWaveletFrames</link>).</para>
  </refsection>

  <refsection>
    <title>Examples</title>

    <programlisting role="example">global WAVELET_DAUBECHIES_2;

WaveletFilter = GetWaveletFilters(WAVELET_DAUBECHIES_2);

disp(WaveletFilter);</programlisting>
  </refsection>

  <refsection>
    <title>See also</title>

    <simplelist type="inline">
      <member><link linkend="UpsampleFilter">UpsampleFilter</link></member>

      <member><link
      linkend="CreateWaveletFrames">CreateWaveletFrames</link></member>

      <member><link linkend="VarianceFilter">VarianceFilter</link></member>

      <member><link
      linkend="ComputeChannelVariance">ComputeChannelVariance</link></member>
    </simplelist>
  </refsection>
</refentry>
