<?xml version="1.0" encoding="UTF-8"?>
<refentry version="5.0-subset Scilab" xmlns="http://docbook.org/ns/docbook"
          xmlns:xlink="http://www.w3.org/1999/xlink"
          xmlns:xi="http://www.w3.org/2001/XInclude"
          xmlns:svg="http://www.w3.org/2000/svg"
          xmlns:mml="http://www.w3.org/1998/Math/MathML"
          xmlns:html="http://www.w3.org/1999/xhtml"
          xmlns:db="http://docbook.org/ns/docbook">
  <refnamediv xml:id="ImageTool">
    <refname>ImageTool</refname>

    <refpurpose>provides interactive image analysis functionality</refpurpose>
  </refnamediv>

  <refsynopsisdiv>
    <title>Calling Sequence</title>

    <synopsis>ImageTool(Image);

ImageTool(Image, Title);

FigureHandle = ImageTool(Image);

FigureHandle = ImageTool(Image, Title);</synopsis>
  </refsynopsisdiv>

  <refsection>
    <title>Parameters</title>

    <variablelist>
      <varlistentry>
        <term>Image</term>

        <listitem>
          <para>2D or 3D matrix of type uint8, uint16, uint32 or double, can
          also be 2D matrix of type boolean</para>
        </listitem>
      </varlistentry>

      <varlistentry>
        <term>Title</term>

        <listitem>
          <para>A string that describes the image. This parameter is
          optional.</para>
        </listitem>
      </varlistentry>

      <varlistentry>
        <term>FigureHandle</term>

        <listitem>
          <para>Handle of the figure the image is displayed in. This parameter
          is optional.</para>
        </listitem>
      </varlistentry>
    </variablelist>
  </refsection>

  <refsection>
    <title>Description</title>

    <para>This function provides functionality for analyzing an image
    interactively. The following functionality is provided:</para>

    <itemizedlist>
      <listitem>
        <para>Opening and saving an image file</para>
      </listitem>

      <listitem>
        <para>Single pixel selection by clicking on a pixel with left mouse
        key</para>

        <itemizedlist>
          <listitem>
            <para>row profile</para>
          </listitem>

          <listitem>
            <para>row histogram</para>
          </listitem>

          <listitem>
            <para>column profile</para>
          </listitem>

          <listitem>
            <para>column histogram</para>
          </listitem>

          <listitem>
            <para>exporting coordinates of selected pixel as global
            variable</para>
          </listitem>
        </itemizedlist>
      </listitem>

      <listitem>
        <para>Line selection by clicking on two pixels with left mouse key.
        The two pixels will be start and end points of the line.</para>

        <itemizedlist>
          <listitem>
            <para>profile</para>
          </listitem>
        </itemizedlist>

        <itemizedlist>
          <listitem>
            <para>histogram</para>
          </listitem>
        </itemizedlist>

        <itemizedlist>
          <listitem>
            <para>export of the selected line as global variable, has one
            pixel more than the rounded difference between start and end
            points</para>
          </listitem>
        </itemizedlist>
      </listitem>

      <listitem>
        <para>Rectangle selection by clicking on two pixels with left mouse
        key. The two pixels will be corners of the rectangle.</para>

        <itemizedlist>
          <listitem>
            <para>histogram</para>
          </listitem>
        </itemizedlist>

        <itemizedlist>
          <listitem>
            <para>export of the selected area as global variable</para>
          </listitem>
        </itemizedlist>
      </listitem>
    </itemizedlist>
  </refsection>

  <refsection>
    <title>Examples</title>

    <programlisting role="example">global IPD_PATH;

RGB = ReadImage(IPD_PATH + 'demos\teaset.png');

Image = RGB2Gray(RGB);

FigureHandle = ImageTool(Image, 'Image to Be Analyzed');</programlisting>
  </refsection>

  <refsection>
    <title></title>

    <simplelist type="inline">
      <member></member>
    </simplelist>
  </refsection>
</refentry>
