<?xml version="1.0" encoding="UTF-8"?>
<refentry version="5.0-subset Scilab" xmlns="http://docbook.org/ns/docbook"
          xmlns:xlink="http://www.w3.org/1999/xlink"
          xmlns:xi="http://www.w3.org/2001/XInclude"
          xmlns:svg="http://www.w3.org/2000/svg"
          xmlns:mml="http://www.w3.org/1998/Math/MathML"
          xmlns:html="http://www.w3.org/1999/xhtml"
          xmlns:db="http://docbook.org/ns/docbook">
  <refnamediv xml:id="Ind2RGB">
    <refname>Ind2RGB</refname>

    <refpurpose>converts an indexed image to RGB</refpurpose>
  </refnamediv>

  <refsynopsisdiv>
    <title>Calling Sequence</title>

    <synopsis>RGB = Ind2RGB(IndexImage, ColorMap);

RGB = Ind2RGB(IndexImage, ColorMap, BackGroundColor);</synopsis>
  </refsynopsisdiv>

  <refsection>
    <title>Parameters</title>

    <variablelist>
      <varlistentry>
        <term>IndexImage</term>

        <listitem>
          <para>2D matrix of type uint8, uint16, uint32 or double. If
          IndexImage is of type double, all elements must be integer numbers
          &gt;= 0.</para>
        </listitem>
      </varlistentry>

      <varlistentry>
        <term>ColorMap</term>

        <listitem>
          <para>matrix of type uint8, uint16, uint32 or double with three
          columns</para>
        </listitem>
      </varlistentry>

      <varlistentry>
        <term>BackGroundColor</term>

        <listitem>
          <para>vector with three columns, can be of type uint8, uint16,
          uint32 or double. If BackGround is of type double, all elements must
          be between zero and one. This parameter is optional. The default
          background color is white.</para>
        </listitem>
      </varlistentry>
    </variablelist>
  </refsection>

  <refsection>
    <title>Description</title>

    <para>This function converts an indexed image to an RGB image. All pixels
    that have values &gt; 1 are mapped to a row of the color map. All zero
    valued pixels are mapped to the background color.</para>
  </refsection>

  <refsection>
    <title>Examples</title>

    <programlisting role="example">IndexImage = matrix(1 : 256, [16 16]);

ColorMap = jetcolormap(256);

RGB = Ind2RGB(IndexImage, ColorMap);

WriteImage(RGB, 'test.png');</programlisting>
  </refsection>

  <refsection>
    <title>See also</title>

    <simplelist type="inline">
      <member><link linkend="RGB2Ind">RGB2Ind</link></member>

      <member><link linkend="ShowImage">ShowImage</link></member>

      <member><link linkend="ShowColorImage">ShowColorImage</link></member>

      <member><link
      linkend="DrawBoundingBoxes">DrawBoundingBoxes</link></member>
    </simplelist>
  </refsection>
</refentry>
