<?xml version="1.0" encoding="UTF-8"?>
<refentry version="5.0-subset Scilab" xmlns="http://docbook.org/ns/docbook"
          xmlns:xlink="http://www.w3.org/1999/xlink"
          xmlns:xi="http://www.w3.org/2001/XInclude"
          xmlns:svg="http://www.w3.org/2000/svg"
          xmlns:mml="http://www.w3.org/1998/Math/MathML"
          xmlns:html="http://www.w3.org/1999/xhtml"
          xmlns:db="http://docbook.org/ns/docbook">
  <refnamediv xml:id="LAB2RGB">
    <refname>LAB2RGB</refname>

    <refpurpose>converts L*a*b* image to an RGB image</refpurpose>
  </refnamediv>

  <refsynopsisdiv>
    <title>Calling Sequence</title>

    <synopsis>RGB = RGB2LAB(LAB);</synopsis>
  </refsynopsisdiv>

  <refsection>
    <title>Parameters</title>

    <variablelist>
      <varlistentry>
        <term>LAB</term>

        <listitem>
          <para>3D matrix of type double</para>
        </listitem>
      </varlistentry>

      <varlistentry>
        <term>RGB</term>

        <listitem>
          <para>3D matrix of type double</para>
        </listitem>
      </varlistentry>
    </variablelist>
  </refsection>

  <refsection>
    <title>Description</title>

    <para>This function converts an L*a*b* image to RGB.</para>
  </refsection>

  <refsection>
    <title>Examples</title>

    <programlisting role="example">global IPD_PATH;

RGB = ReadImage(IPD_PATH + 'demos\teaset.png');

RGBD = double(RGB) / 255;

LAB = RGB2LAB(RGBD);

RGB_New = LAB2RGB(LAB);

figure(); ShowColorImage(uint8(255 * RGB_New), 'Result of LAB -&gt; RGB');</programlisting>
  </refsection>

  <refsection>
    <title>See also</title>

    <simplelist type="inline">
      <member><link linkend="RGB2Gray">RGB2Gray</link></member>

      <member><link linkend="RGB2LAB">RGB2LAB</link></member>

      <member><link
      linkend="ConvertColorSpace">ConvertColorSpace</link></member>
    </simplelist>
  </refsection>
</refentry>
