<?xml version="1.0" encoding="UTF-8"?>
<refentry version="5.0-subset Scilab" xmlns="http://docbook.org/ns/docbook"
          xmlns:xlink="http://www.w3.org/1999/xlink"
          xmlns:xi="http://www.w3.org/2001/XInclude"
          xmlns:svg="http://www.w3.org/2000/svg"
          xmlns:mml="http://www.w3.org/1998/Math/MathML"
          xmlns:html="http://www.w3.org/1999/xhtml"
          xmlns:db="http://docbook.org/ns/docbook">
  <refnamediv xml:id="MaskFilter">
    <refname>MaskFilter</refname>

    <refpurpose>applies a linear filter to an image</refpurpose>
  </refnamediv>

  <refsynopsisdiv>
    <title>Calling Sequence</title>

    <synopsis>FilteredImage = MaskFilter(Image, Mask);</synopsis>
  </refsynopsisdiv>

  <refsection>
    <title>Parameters</title>

    <variablelist>
      <varlistentry>
        <term>Image</term>

        <listitem>
          <para>2D matrix of type double</para>
        </listitem>
      </varlistentry>

      <varlistentry>
        <term>Mask</term>

        <listitem>
          <para>2D matrix of type double</para>
        </listitem>
      </varlistentry>

      <varlistentry>
        <term>FilteredImage</term>

        <listitem>
          <para>2D matrix of the same size and type as Image</para>
        </listitem>
      </varlistentry>
    </variablelist>
  </refsection>

  <refsection>
    <title>Description</title>

    <para>This function applies a linear filter to an image.</para>
  </refsection>

  <refsection>
    <title>Examples</title>

    <programlisting role="example">Image = zeros(8, 8);

Image(5 : 8, :) = 1

Mask = [-1 -1 -1; 0 0 0; 1 1 1];

FilteredImage = MaskFilter(Image, Mask)</programlisting>
  </refsection>

  <refsection>
    <title>See Also</title>

    <simplelist type="inline">
      <member><link linkend="EdgeFilter">EdgeFilter</link></member>

      <member><link linkend="SeparableFilter">SeparableFilter</link></member>
    </simplelist>
  </refsection>
</refentry>
