<?xml version="1.0" encoding="UTF-8"?>
<refentry version="5.0-subset Scilab" xmlns="http://docbook.org/ns/docbook"
          xmlns:xlink="http://www.w3.org/1999/xlink"
          xmlns:xi="http://www.w3.org/2001/XInclude"
          xmlns:svg="http://www.w3.org/2000/svg"
          xmlns:mml="http://www.w3.org/1998/Math/MathML"
          xmlns:html="http://www.w3.org/1999/xhtml"
          xmlns:db="http://docbook.org/ns/docbook">
  <refnamediv xml:id="MatchTemplate">
    <refname>MatchTemplate</refname>

    <refpurpose>calculates the similarity between a template image and a
    source image.</refpurpose>
  </refnamediv>

  <refsynopsisdiv>
    <title>Calling Sequence</title>

    <synopsis>Match = MatchTemplate(SourceImage, TemplateImage, Method);</synopsis>
  </refsynopsisdiv>

  <refsection>
    <title>Parameters</title>

    <variablelist>
      <varlistentry>
        <term>SourceImage</term>

        <listitem>
          <para>2D matrix of type uint8</para>
        </listitem>
      </varlistentry>

      <varlistentry>
        <term>TemplateImage</term>

        <listitem>
          <para>2D matrix of type uint8, numbers of rows and columns must not
          exceed the numbers of rows and columns of SourceImage</para>
        </listitem>
      </varlistentry>

      <varlistentry>
        <term>Method</term>

        <listitem>
          <para>constant of type uint8, the following values are
          possible:</para>

          <itemizedlist>
            <listitem>
              <para>MATCH_LEAST_SQUARES: sum of quadratic gray value
              differences between source and template pixels</para>
            </listitem>

            <listitem>
              <para>MATCH_CORRELATION: correlation between template image and
              covered part of source image</para>
            </listitem>

            <listitem>
              <para>MATCH_LEAST_SQUARES_NORM: normalized sum of quadratic gray
              value differences between source and template pixels</para>
            </listitem>

            <listitem>
              <para>MATCH_CORRELATION_NORM: normalized correlation between
              template image and covered part of source image</para>
            </listitem>
          </itemizedlist>
        </listitem>
      </varlistentry>

      <varlistentry>
        <term>Match</term>

        <listitem>
          <para>2D matrix of type double</para>
        </listitem>
      </varlistentry>
    </variablelist>
  </refsection>

  <refsection>
    <title>Description</title>

    <para>This function calculates the similarity between a template image and
    a source image. The template image slides over the source image and the
    similarity between the template image and the part of the source image
    covered by it is calculated. The template image is always completely
    inside the source image. Therefore, the result matrix has less rows and
    columns than the source image.</para>
  </refsection>

  <refsection>
    <title>Examples</title>

    <programlisting role="example">global MATCH_CORRELATION_NORM;

global IPD_PATH;

SourceColorImage = ReadImage(IPD_PATH + 'demos\teaset.png');

SourceImage = RGB2Gray(SourceColorImage);

TemplateColorImage = ReadImage(IPD_PATH + 'demos\cropped_image.png');

TemplateImage = RGB2Gray(TemplateColorImage);

Match = MatchTemplate(SourceImage, TemplateImage, MATCH_CORRELATION_NORM);
                      
MatchList = FindBestMatches(Match, size(TemplateImage), MATCH_CORRELATION_NORM);
                            
SquareList = list();
                            
for n = 1 : size(MatchList, 1)
  
 SquareList($ + 1) = struct('BoundingBox', cat(2, MatchList(n, :) - [1 1], [3 3])');
  
end;                            

SourceHandle = figure();
                            
ShowColorImage(SourceColorImage, 'Image with Marked Match Positions');

DrawBoundingBoxes(SquareList, [0 1 0], SourceHandle);

TemplateHandle = figure();

ShowColorImage(TemplateColorImage, 'Template Image');
</programlisting>
  </refsection>

  <refsection>
    <title>See Also</title>

    <simplelist type="inline">
      <member><link linkend="FindBestMatches">FindBestMatches</link></member>
    </simplelist>
  </refsection>
</refentry>
