<?xml version="1.0" encoding="UTF-8"?>
<refentry version="5.0-subset Scilab" xmlns="http://docbook.org/ns/docbook"
          xmlns:xlink="http://www.w3.org/1999/xlink"
          xmlns:xi="http://www.w3.org/2001/XInclude"
          xmlns:svg="http://www.w3.org/2000/svg"
          xmlns:mml="http://www.w3.org/1998/Math/MathML"
          xmlns:html="http://www.w3.org/1999/xhtml"
          xmlns:db="http://docbook.org/ns/docbook">
  <refnamediv xml:id="MedianFilter">
    <refname>MedianFilter</refname>

    <refpurpose>applies a median filter to an image</refpurpose>
  </refnamediv>

  <refsynopsisdiv>
    <title>Calling Sequence</title>

    <synopsis>FilteredImage = MedianFilter(OriginalImage, FilterSize);</synopsis>
  </refsynopsisdiv>

  <refsection>
    <title>Parameters</title>

    <variablelist>
      <varlistentry>
        <term>OriginalImage</term>

        <listitem>
          <para>2D matrix of type boolean, uint8, uint16, uint32 or
          double</para>
        </listitem>
      </varlistentry>

      <varlistentry>
        <term>FilterSize</term>

        <listitem>
          <para>vector of type double with two elements, the first one
          specifies the height, the second one the width of the filter</para>
        </listitem>
      </varlistentry>

      <varlistentry>
        <term>FilteredImage</term>

        <listitem>
          <para>2D matrix of the same size and type as OriginalImage</para>
        </listitem>
      </varlistentry>
    </variablelist>
  </refsection>

  <refsection>
    <title>Description</title>

    <para>This function applies a median filter to an image.</para>
  </refsection>

  <refsection>
    <title>Examples</title>

    <programlisting role="example">OriginalImage = zeros(9, 9);      // Image is generated

OriginalImage(4 : 6, 4 : 6) = 1;  // block of object pixels is generated

OriginalImage(5, 2) = 1;          // single object pixel is set, will disappear after filtering

FilterSize = [3 3];               // filter has three rows and three columns

FilteredImage = MedianFilter(OriginalImage, FilterSize) </programlisting>
  </refsection>

  <refsection>
    <title></title>

    <simplelist type="inline">
      <member></member>
    </simplelist>
  </refsection>
</refentry>
