<?xml version="1.0" encoding="UTF-8"?>
<refentry version="5.0-subset Scilab" xmlns="http://docbook.org/ns/docbook"
          xmlns:xlink="http://www.w3.org/1999/xlink"
          xmlns:xi="http://www.w3.org/2001/XInclude"
          xmlns:svg="http://www.w3.org/2000/svg"
          xmlns:mml="http://www.w3.org/1998/Math/MathML"
          xmlns:html="http://www.w3.org/1999/xhtml"
          xmlns:db="http://docbook.org/ns/docbook">
  <refnamediv xml:id="OpenVideoFile">
    <refname>OpenVideoFile</refname>

    <refpurpose>opens a video file for reading</refpurpose>
  </refnamediv>

  <refsynopsisdiv>
    <title>Calling Sequence</title>

    <synopsis>VideoFilePointer = OpenVideoFile(VideoPath);</synopsis>
  </refsynopsisdiv>

  <refsection>
    <title>Parameters</title>

    <variablelist>
      <varlistentry>
        <term>VideoPath</term>

        <listitem>
          <para>name or complete path of a video file</para>
        </listitem>
      </varlistentry>

      <varlistentry>
        <term>VideoFilePointer</term>

        <listitem>
          <para>pointer to a video file</para>
        </listitem>
      </varlistentry>
    </variablelist>
  </refsection>

  <refsection>
    <title>Description</title>

    <para>This function opens a video file for reading.</para>
  </refsection>

  <refsection>
    <title>Examples</title>

    <programlisting role="example">global IPD_PATH;

VideoPath = IPD_PATH + 'demos\red-car-video.avi';

VideoInfo = GetVideoStruct(VideoPath);

VideoFilePointer = OpenVideoFile(VideoPath);

figure();

for n = 1 : VideoInfo.NumberOfFrames

 RGB = ReadImage(VideoFilePointer);

 ShowColorImage(RGB, VideoPath);

end;

CloseVideoFile(VideoFilePointer);</programlisting>
  </refsection>

  <refsection>
    <title>See Also</title>

    <simplelist type="inline">
      <member><link linkend="GetVideoStruct">GetVideoStruct</link></member>

      <member><link linkend="ReadImage">ReadImage</link></member>

      <member><link linkend="CloseVideoFile">CloseVideoFile</link></member>

      <member><link linkend="GetVideoInfo">GetVideoInfo</link></member>

      <member><link
      linkend="ReadImageFromVideo">ReadImageFromVideo</link></member>
    </simplelist>
  </refsection>
</refentry>
