<?xml version="1.0" encoding="UTF-8"?>
<refentry version="5.0-subset Scilab" xmlns="http://docbook.org/ns/docbook"
          xmlns:xlink="http://www.w3.org/1999/xlink"
          xmlns:xi="http://www.w3.org/2001/XInclude"
          xmlns:svg="http://www.w3.org/2000/svg"
          xmlns:mml="http://www.w3.org/1998/Math/MathML"
          xmlns:html="http://www.w3.org/1999/xhtml"
          xmlns:db="http://docbook.org/ns/docbook">
  <refnamediv xml:id="PadImage">
    <refname>PadImage</refname>

    <refpurpose>appends rows and columns to an image</refpurpose>
  </refnamediv>

  <refsynopsisdiv>
    <title>Calling Sequence</title>

    <synopsis>PaddedImage = PadImage(Image, PadValue, Left, Right, Up, Down);</synopsis>
  </refsynopsisdiv>

  <refsection>
    <title>Parameters</title>

    <variablelist>
      <varlistentry>
        <term>Image</term>

        <listitem>
          <para>2D matrix of type uint8, uint16, uint32, double or
          boolean</para>
        </listitem>
      </varlistentry>

      <varlistentry>
        <term>PadValue</term>

        <listitem>
          <para>gray value (or logical value in the case of a boolean image)
          of the padded pixels</para>
        </listitem>
      </varlistentry>

      <varlistentry>
        <term>Left</term>

        <listitem>
          <para>number of columns padded before the left most column</para>
        </listitem>
      </varlistentry>

      <varlistentry>
        <term>Right</term>

        <listitem>
          <para>number of columns padded after the right mist column</para>
        </listitem>
      </varlistentry>

      <varlistentry>
        <term>Up</term>

        <listitem>
          <para>number of rows added above the top row</para>
        </listitem>
      </varlistentry>

      <varlistentry>
        <term>Down</term>

        <listitem>
          <para>number of rows added below the bottom row</para>
        </listitem>
      </varlistentry>

      <varlistentry>
        <term>PaddedImage</term>

        <listitem>
          <para>matrix of the same type as Image</para>
        </listitem>
      </varlistentry>
    </variablelist>
  </refsection>

  <refsection>
    <title>Description</title>

    <para>This function pads rows and columns to an image.</para>
  </refsection>

  <refsection>
    <title>Examples</title>

    <programlisting role="example">Image = rand(3, 3) // generate random image

PaddedImage = PadImage(Image, 0, 1, 1, 1, 1)</programlisting>
  </refsection>

  <refsection>
    <title></title>

    <simplelist type="inline">
      <member></member>
    </simplelist>
  </refsection>
</refentry>
