<?xml version="1.0" encoding="UTF-8"?>
<refentry version="5.0-subset Scilab" xmlns="http://docbook.org/ns/docbook"
          xmlns:xlink="http://www.w3.org/1999/xlink"
          xmlns:xi="http://www.w3.org/2001/XInclude"
          xmlns:svg="http://www.w3.org/2000/svg"
          xmlns:mml="http://www.w3.org/1998/Math/MathML"
          xmlns:html="http://www.w3.org/1999/xhtml"
          xmlns:db="http://docbook.org/ns/docbook">
  <refnamediv xml:id="ReadImageFromVideo">
    <refname>ReadImageFromVideo</refname>

    <refpurpose>reads an image from a video file, is called by
    ReadImage</refpurpose>
  </refnamediv>

  <refsynopsisdiv>
    <title>Calling Sequence</title>

    <synopsis>[PixelList Dimensions] = ReadImageFile(VideoFilePointer);</synopsis>
  </refsynopsisdiv>

  <refsection>
    <title>Parameters</title>

    <variablelist>
      <varlistentry>
        <term>VideoFilePointer</term>

        <listitem>
          <para>pointer to a video file</para>
        </listitem>
      </varlistentry>

      <varlistentry>
        <term>PixelList</term>

        <listitem>
          <para>column vector that contains the color channel intensities or
          gray values</para>
        </listitem>
      </varlistentry>

      <varlistentry>
        <term>Dimensions</term>

        <listitem>
          <para>column vector that contains the number of rows, columns and
          color channels</para>
        </listitem>
      </varlistentry>
    </variablelist>
  </refsection>

  <refsection>
    <title>Description</title>

    <para>This function reads an image from a video file and returns a pixel
    list and width, height and number of channels. ReadImage calls this
    function so you do not need to call it yourself.</para>
  </refsection>

  <refsection>
    <title>Examples</title>

    <programlisting role="example">global IPD_PATH;

VideoFilePointer = OpenVideoFile(IPD_PATH + 'demos\red-car-video.avi');

[PixelList Dimensions] = ReadImageFromVideo(VideoFilePointer);

CloseVideoFile(VideoFilePointer);

RGB = matrix(PixelList, Dimensions);

ShowColorImage(RGB, 'Result');</programlisting>
  </refsection>

  <refsection>
    <title>See also</title>

    <simplelist type="inline">
      <member><link linkend="GetVideoStruct">GetVideoStruct</link></member>

      <member><link linkend="OpenVideoFile">OpenVideoFile</link></member>

      <member><link linkend="ReadImage">ReadImage</link></member>

      <member><link linkend="CloseVideoFile">CloseVideoFile</link></member>

      <member><link linkend="GetVideoInfo">GetVideoInfo</link></member>
    </simplelist>
  </refsection>
</refentry>
