<?xml version="1.0" encoding="UTF-8"?>
<refentry version="5.0-subset Scilab" xmlns="http://docbook.org/ns/docbook"
          xmlns:xlink="http://www.w3.org/1999/xlink"
          xmlns:xi="http://www.w3.org/2001/XInclude"
          xmlns:svg="http://www.w3.org/2000/svg"
          xmlns:mml="http://www.w3.org/1998/Math/MathML"
          xmlns:html="http://www.w3.org/1999/xhtml"
          xmlns:db="http://docbook.org/ns/docbook">
  <refnamediv xml:id="RGB2Ind">
    <refname>RGB2Ind</refname>

    <refpurpose>converts an RGB image to an indexed image</refpurpose>
  </refnamediv>

  <refsynopsisdiv>
    <title>Calling Sequence</title>

    <synopsis>[IndexImage ColorMap] = RGB2Ind(RGB);</synopsis>
  </refsynopsisdiv>

  <refsection>
    <title>Parameters</title>

    <variablelist>
      <varlistentry>
        <term>RGB</term>

        <listitem>
          <para>3D image of type uint8, uint16, uint32 or double</para>
        </listitem>
      </varlistentry>

      <varlistentry>
        <term>IndexImage</term>

        <listitem>
          <para>2D matrix with the same number of rows and columns as
          RGB</para>
        </listitem>
      </varlistentry>

      <varlistentry>
        <term>ColorMap</term>

        <listitem>
          <para>matrix with three columns and as many rows as RGB contains
          pixels. Note that this parameter is compulsory.</para>
        </listitem>
      </varlistentry>
    </variablelist>
  </refsection>

  <refsection>
    <title>Description</title>

    <para>This function converts an RGB image to an indexed image and has the
    same effect as rgb2ind in previous versions.</para>
  </refsection>

  <refsection>
    <title>Examples</title>

    <programlisting role="example">RGB = rand(3, 3, 3) // generate random image

[IndexedImage, ColorMap] = RGB2Ind(RGB) // RGB is converted to an indexed image

FigureHandle = ShowImage(IndexedImage, 'Example', ColorMap); // IndexedImage is displayed</programlisting>
  </refsection>

  <refsection>
    <title>See also</title>

    <simplelist type="inline">
      <member><link linkend="Ind2RGB">Ind2RGB</link></member>

      <member><link linkend="ShowImage">ShowImage</link></member>

      <member><link linkend="ShowColorImage">ShowColorImage</link></member>

      <member><link
      linkend="DrawBoundingBoxes">DrawBoundingBoxes</link></member>
    </simplelist>
  </refsection>
</refentry>
