<?xml version="1.0" encoding="UTF-8"?>
<refentry version="5.0-subset Scilab" xmlns="http://docbook.org/ns/docbook"
          xmlns:xlink="http://www.w3.org/1999/xlink"
          xmlns:xi="http://www.w3.org/2001/XInclude"
          xmlns:svg="http://www.w3.org/2000/svg"
          xmlns:mml="http://www.w3.org/1998/Math/MathML"
          xmlns:html="http://www.w3.org/1999/xhtml"
          xmlns:db="http://docbook.org/ns/docbook">
  <refnamediv xml:id="RGB2Gray">
    <refname>RGB2Gray</refname>

    <refpurpose>converts RGB image to gray level image</refpurpose>
  </refnamediv>

  <refsynopsisdiv>
    <title>Calling Sequence</title>

    <synopsis>Image = RGB2Gray(RGB);</synopsis>
  </refsynopsisdiv>

  <refsection>
    <title>Parameters</title>

    <variablelist>
      <varlistentry>
        <term>RGB</term>

        <listitem>
          <para>3D matrix of type uint8, uint16, uint32 or double</para>
        </listitem>
      </varlistentry>

      <varlistentry>
        <term>Image</term>

        <listitem>
          <para>2D matrix of the same type as RGB</para>
        </listitem>
      </varlistentry>
    </variablelist>
  </refsection>

  <refsection>
    <title>Description</title>

    <para>This function converts a color image to a gray level image.</para>
  </refsection>

  <refsection>
    <title>Examples</title>

    <programlisting role="example">global IPD_PATH;

RGB = ReadImage(IPD_PATH + 'demos\teaset.png');

Image = RGB2Gray(RGB);

figure(); ShowImage(Image, 'Gray Level Image');</programlisting>
  </refsection>

  <refsection>
    <title>See also</title>

    <simplelist type="inline">
      <member><link linkend="RGB2LAB">RGB2LAB</link></member>

      <member><link linkend="LAB2RGB">LAB2RGB</link></member>

      <member><link
      linkend="ConvertColorSpace">ConvertColorSpace</link></member>
    </simplelist>
  </refsection>
</refentry>
