<?xml version="1.0" encoding="UTF-8"?>
<refentry version="5.0-subset Scilab" xmlns="http://docbook.org/ns/docbook"
          xmlns:xlink="http://www.w3.org/1999/xlink"
          xmlns:xi="http://www.w3.org/2001/XInclude"
          xmlns:svg="http://www.w3.org/2000/svg"
          xmlns:mml="http://www.w3.org/1998/Math/MathML"
          xmlns:html="http://www.w3.org/1999/xhtml"
          xmlns:db="http://docbook.org/ns/docbook">
  <refnamediv xml:id="SearchBlobs">
    <refname>SearchBlobs</refname>

    <refpurpose>searches the connected regions in a binary image</refpurpose>
  </refnamediv>

  <refsynopsisdiv>
    <title>Calling Sequence</title>

    <synopsis>BlobImage = SearchBlobs(Image);
</synopsis>
  </refsynopsisdiv>

  <refsection>
    <title>Parameters</title>

    <variablelist>
      <varlistentry>
        <term>Image</term>

        <listitem>
          <para>2D matrix of type boolean</para>
        </listitem>
      </varlistentry>

      <varlistentry>
        <term>BlobImage</term>

        <listitem>
          <para>2D matrix of type int32 (in Scilab 5.2.0) or uint32 (in Scilab
          5.2.1 or higher).</para>
        </listitem>
      </varlistentry>
    </variablelist>
  </refsection>

  <refsection>
    <title>Description</title>

    <para>This function searches the number of connected regions in a binary
    image. All pixels belonging to the same connected region are assigned the
    same number. All pixels that do not belong to a region are background
    pixels and have the number 0.</para>
  </refsection>

  <refsection>
    <title>Examples</title>

    <programlisting role="example">Image = rand(9, 9) // generate random image

Threshold = CalculateOtsuThreshold(Image); // calculate a threshold

BinaryImage = SegmentByThreshold(Image, Threshold) // segment image

BlobImage = SearchBlobs(BinaryImage)</programlisting>
  </refsection>

  <refsection>
    <title>See also</title>

    <simplelist type="inline">
      <member><link linkend="FilterBySize">FilterBySize</link></member>

      <member><link
      linkend="CreateFeatureStruct">CreateFeatureStruct</link></member>

      <member><link linkend="AnalyzeBlobs">AnalyzeBlobs</link></member>

      <member><link
      linkend="CreateSizeHistogram">CreateSizeHistogram</link></member>

      <member><link
      linkend="CumulateSizeHistogram">CumulateSizeHistogram</link></member>

      <member><link
      linkend="CreatePixelIndexList">CreatePixelIndexList</link></member>
    </simplelist>
  </refsection>
</refentry>
