<?xml version="1.0" encoding="UTF-8"?>
<refentry version="5.0-subset Scilab" xmlns="http://docbook.org/ns/docbook"
          xmlns:xlink="http://www.w3.org/1999/xlink"
          xmlns:xi="http://www.w3.org/2001/XInclude"
          xmlns:svg="http://www.w3.org/2000/svg"
          xmlns:mml="http://www.w3.org/1998/Math/MathML"
          xmlns:html="http://www.w3.org/1999/xhtml"
          xmlns:db="http://docbook.org/ns/docbook">
  <refnamediv xml:id="SegmentByThreshold">
    <refname>SegmentByThreshold</refname>

    <refpurpose>segments image by a threshold</refpurpose>
  </refnamediv>

  <refsynopsisdiv>
    <title>Calling Sequence</title>

    <synopsis>SegmentedImage = SegmentByThreshold(Image, Threshold);</synopsis>
  </refsynopsisdiv>

  <refsection>
    <title>Parameters</title>

    <variablelist>
      <varlistentry>
        <term>Image</term>

        <listitem>
          <para>2D matrix of type uint8, uint16, uint32 or double</para>
        </listitem>
      </varlistentry>

      <varlistentry>
        <term>Threshold</term>

        <listitem>
          <para>scalar of any numeric type</para>
        </listitem>
      </varlistentry>

      <varlistentry>
        <term>SegmentedImage</term>

        <listitem>
          <para>boolean image of the same size as Image</para>
        </listitem>
      </varlistentry>
    </variablelist>
  </refsection>

  <refsection>
    <title>Description</title>

    <para>This function segments a numeric image by a threshold. All pixels
    with a gray value &gt;= Threshold are set to %t, all other pixels to
    %f.</para>
  </refsection>

  <refsection>
    <title>Examples</title>

    <programlisting role="example">Image = rand(3, 3) // generate random image

Threshold = CalculateOtsuThreshold(Image) // determine a threshold

SegmentedImage = SegmentByThreshold(Image, Threshold)</programlisting>
  </refsection>

  <refsection>
    <title>See also</title>

    <simplelist type="inline">
      <member><link
      linkend="CalculateOtsuThreshold">CalculateOtsuThreshold</link></member>
    </simplelist>
  </refsection>
</refentry>
