<?xml version="1.0" encoding="UTF-8"?>
<refentry version="5.0-subset Scilab" xmlns="http://docbook.org/ns/docbook"
          xmlns:xlink="http://www.w3.org/1999/xlink"
          xmlns:xi="http://www.w3.org/2001/XInclude"
          xmlns:svg="http://www.w3.org/2000/svg"
          xmlns:mml="http://www.w3.org/1998/Math/MathML"
          xmlns:html="http://www.w3.org/1999/xhtml"
          xmlns:db="http://docbook.org/ns/docbook">
  <refnamediv xml:id="SeparableFilter">
    <refname>SeparableFilter</refname>

    <refpurpose>applies a separable filter to an image</refpurpose>
  </refnamediv>

  <refsynopsisdiv>
    <title>Calling Sequence</title>

    <synopsis>FilteredImage = SeparableFilter(Image, ColumnFilter, RowFilter);</synopsis>
  </refsynopsisdiv>

  <refsection>
    <title>Parameters</title>

    <variablelist>
      <varlistentry>
        <term>Image</term>

        <listitem>
          <para>2D matrix of type double</para>
        </listitem>
      </varlistentry>

      <varlistentry>
        <term>ColumnFilter</term>

        <listitem>
          <para>vector of type double</para>
        </listitem>
      </varlistentry>

      <varlistentry>
        <term>RowFilter</term>

        <listitem>
          <para>vector of type double</para>
        </listitem>
      </varlistentry>

      <varlistentry>
        <term>FilteredImage</term>

        <listitem>
          <para>2D matrix of the same size and type as Image</para>
        </listitem>
      </varlistentry>
    </variablelist>
  </refsection>

  <refsection>
    <title>Description</title>

    <para>This function applies a separable filter to an image.</para>
  </refsection>

  <refsection>
    <title>Examples</title>

    <programlisting role="example">Image = zeros(8, 8);

Image(5 : 8, :) = 1

ColumnFilter = [-1; 0; 1]/ sqrt(3);

RowFilter = [1 1 1]/ sqrt(3);

FilteredImage = SeparableFilter(Image, ColumnFilter, RowFilter)</programlisting>
  </refsection>

  <refsection>
    <title>See Also</title>

    <simplelist type="inline">
      <member><link
      linkend="CalculateTextureEnergy">CalculateTextureEnergy</link></member>

      <member><link linkend="EdgeFilter">EdgeFilter</link></member>

      <member><link linkend="MaskFilter">MaskFilter</link></member>
    </simplelist>
  </refsection>
</refentry>
