<?xml version="1.0" encoding="UTF-8"?>
<refentry version="5.0-subset Scilab" xmlns="http://docbook.org/ns/docbook"
          xmlns:xlink="http://www.w3.org/1999/xlink"
          xmlns:xi="http://www.w3.org/2001/XInclude"
          xmlns:svg="http://www.w3.org/2000/svg"
          xmlns:mml="http://www.w3.org/1998/Math/MathML"
          xmlns:html="http://www.w3.org/1999/xhtml"
          xmlns:db="http://docbook.org/ns/docbook">
  <refnamediv xml:id="ShowImage">
    <refname>ShowImage</refname>

    <refpurpose>displays an image in a figure window</refpurpose>
  </refnamediv>

  <refsynopsisdiv>
    <title>Calling Sequence</title>

    <synopsis>FigureHandle = ShowImage(Image, Title);

FigureHandle = ShowImage(Image, Title, ColorMap);</synopsis>
  </refsynopsisdiv>

  <refsection>
    <title>Parameters</title>

    <variablelist>
      <varlistentry>
        <term>Image</term>

        <listitem>
          <para>2D matrix of type uint8, uint16, uint32, double or
          boolean</para>
        </listitem>
      </varlistentry>

      <varlistentry>
        <term>Title</term>

        <listitem>
          <para>a string, can be empty</para>
        </listitem>
      </varlistentry>

      <varlistentry>
        <term>ColorMap</term>

        <listitem>
          <para>matrix with three columns</para>
        </listitem>
      </varlistentry>

      <varlistentry>
        <term>FigureHandle</term>

        <listitem>
          <para>handle to the window Image is displayed in</para>
        </listitem>
      </varlistentry>
    </variablelist>
  </refsection>

  <refsection>
    <title>Description</title>

    <para>ShowImage displays an image in the current figure window. If no
    figure window exists, a new one is created. A color image must be
    converted to an indexed image using the function RGB2Ind. A gray level
    image can be shown with the original gray values or pseudo colors. If an
    image of type boolean is displayed, pixels with the value %t are shown in
    white, pixels with the value %f are shown in black.</para>

    <para>You can display only one image in a window using this function.
    Displaying two or more images in the same window might yield
    unsatisfactory results.</para>
  </refsection>

  <refsection>
    <title>Examples</title>

    <programlisting role="example">global IPD_PATH;

RGB = ReadImage(IPD_PATH + 'demos\teaset.png');

Image = RGB2Gray(RGB);

figure(); ShowImage(Image, 'Gray Level Image');</programlisting>
  </refsection>

  <refsection>
    <title>See also</title>

    <simplelist type="inline">
      <member><link linkend="Ind2RGB">Ind2RGB</link></member>

      <member><link linkend="RGB2Ind">RGB2Ind</link></member>

      <member><link linkend="ShowColorImage">ShowColorImage</link></member>

      <member><link
      linkend="DrawBoundingBoxes">DrawBoundingBoxes</link></member>
    </simplelist>
  </refsection>
</refentry>
