<?xml version="1.0" encoding="UTF-8"?>
<refentry version="5.0-subset Scilab" xmlns="http://docbook.org/ns/docbook"
          xmlns:xlink="http://www.w3.org/1999/xlink"
          xmlns:xi="http://www.w3.org/2001/XInclude"
          xmlns:svg="http://www.w3.org/2000/svg"
          xmlns:mml="http://www.w3.org/1998/Math/MathML"
          xmlns:html="http://www.w3.org/1999/xhtml"
          xmlns:db="http://docbook.org/ns/docbook">
  <refnamediv xml:id="UpsampleFilter">
    <refname>UpsampleFilter</refname>

    <refpurpose>expands a vector</refpurpose>
  </refnamediv>

  <refsynopsisdiv>
    <title>Calling Sequence</title>

    <synopsis>ExpandedFilter = UpsampleFilter(Filter);</synopsis>
  </refsynopsisdiv>

  <refsection>
    <title>Parameters</title>

    <variablelist>
      <varlistentry>
        <term>Filter</term>

        <listitem>
          <para>vector of type double</para>
        </listitem>
      </varlistentry>

      <varlistentry>
        <term>ExpandedFilter</term>

        <listitem>
          <para>vector of type double</para>
        </listitem>
      </varlistentry>
    </variablelist>
  </refsection>

  <refsection>
    <title>Description</title>

    <para>This function expands a row or column filter by inserting zeros
    between the coefficients and is called by <link
    linkend="CreateWaveletFrames">CreateWaveletFrames</link>.</para>
  </refsection>

  <refsection>
    <title>Examples</title>

    <programlisting role="example">global WAVELET_DAUBECHIES_2;

FilterStruct = GetWaveletFilters(WAVELET_DAUBECHIES_2);

ExpandedLowPass = UpsampleFilter(FilterStruct.LowPass)

ExpandedHighPass = UpsampleFilter(FilterStruct.HighPass)</programlisting>
  </refsection>

  <refsection>
    <title>See Also</title>

    <simplelist type="inline">
      <member><link
      linkend="GetWaveletFilters">GetWaveletFilters</link></member>

      <member><link
      linkend="CreateWaveletFrames">CreateWaveletFrames</link></member>

      <member><link linkend="VarianceFilter">VarianceFilter</link></member>

      <member><link
      linkend="ComputeChannelVariance">ComputeChannelVariance</link></member>
    </simplelist>
  </refsection>
</refentry>
