<?xml version="1.0" encoding="UTF-8"?>
<refentry version="5.0-subset Scilab" xmlns="http://docbook.org/ns/docbook"
          xmlns:xlink="http://www.w3.org/1999/xlink"
          xmlns:xi="http://www.w3.org/2001/XInclude"
          xmlns:svg="http://www.w3.org/2000/svg"
          xmlns:mml="http://www.w3.org/1998/Math/MathML"
          xmlns:html="http://www.w3.org/1999/xhtml"
          xmlns:db="http://docbook.org/ns/docbook">
  <refnamediv xml:id="Watershed">
    <refname>Watershed</refname>

    <refpurpose>segments image by watershed transform</refpurpose>
  </refnamediv>

  <refsynopsisdiv>
    <title>Calling Sequence</title>

    <synopsis>SegmentedImage = Watershed(Image, Marker);</synopsis>
  </refsynopsisdiv>

  <refsection>
    <title>Parameters</title>

    <variablelist>
      <varlistentry>
        <term>Image</term>

        <listitem>
          <para>2D matrix of type uint8</para>
        </listitem>
      </varlistentry>

      <varlistentry>
        <term>Marker</term>

        <listitem>
          <para>2D matrix of type boolean, blobs consisting of %t pixels are
          seeds of watershed transform</para>
        </listitem>
      </varlistentry>

      <varlistentry>
        <term>SegmentedImage</term>

        <listitem>
          <para>2D matrix of type int32, has the same dimensions as
          image</para>
        </listitem>
      </varlistentry>
    </variablelist>
  </refsection>

  <refsection>
    <title>Description</title>

    <para>This function applies a watershed transform to an image.</para>
  </refsection>

  <refsection>
    <title>Examples</title>

    <programlisting role="example">global IPD_PATH;

RGB = ReadImage(IPD_PATH + 'demos\teaset.png');

Image = RGB2Gray(RGB);

global EDGE_SOBEL;

Gradient = EdgeFilter(Image, EDGE_SOBEL);

EdgeImage = ~SegmentByThreshold(Gradient, 60);

DistanceImage = DistanceTransform(EdgeImage);

ThresholdImage = SegmentByThreshold(DistanceImage, 8);
          
MarkerImage = SearchBlobs(ThresholdImage);

SegmentedImage = Watershed(Gradient, MarkerImage);

figure();

ColorMapLength = length(unique(SegmentedImage));

ShowImage(SegmentedImage, ...
          'Result of Watershed Transform', ...
          jetcolormap(ColorMapLength));  
</programlisting>
  </refsection>

  <refsection>
    <title>See Also</title>

    <simplelist type="inline">
      <member><link
      linkend="DistanceTransform">DistanceTransform</link></member>

      <member><link linkend="EdgeFilter">EdgeFilter</link></member>
    </simplelist>
  </refsection>
</refentry>
