<?xml version="1.0" encoding="UTF-8"?>
<refentry version="5.0-subset Scilab" xmlns="http://docbook.org/ns/docbook"
          xmlns:xlink="http://www.w3.org/1999/xlink"
          xmlns:xi="http://www.w3.org/2001/XInclude"
          xmlns:svg="http://www.w3.org/2000/svg"
          xmlns:mml="http://www.w3.org/1998/Math/MathML"
          xmlns:html="http://www.w3.org/1999/xhtml"
          xmlns:db="http://docbook.org/ns/docbook">
  <refnamediv xml:id="WriteImageFile">
    <refname>WriteImageFile</refname>

    <refpurpose>saves an image file, is called by WriteImage</refpurpose>
  </refnamediv>

  <refsynopsisdiv>
    <title>Calling Sequence</title>

    <synopsis>Success = WriteImageFile(PixelList, Dimensions, ImagePath);</synopsis>
  </refsynopsisdiv>

  <refsection>
    <title>Parameters</title>

    <variablelist>
      <varlistentry>
        <term>PixelList</term>

        <listitem>
          <para>column or row vector of type uint8, contains all gray or color
          values of an image</para>
        </listitem>
      </varlistentry>

      <varlistentry>
        <term>Dimensions</term>

        <listitem>
          <para>row or column vector of type double, contains the number of
          rows, number of columns and number of channels</para>
        </listitem>
      </varlistentry>

      <varlistentry>
        <term>ImagePath</term>

        <listitem>
          <para>file name or complete path of the image file</para>
        </listitem>
      </varlistentry>

      <varlistentry>
        <term>Success</term>

        <listitem>
          <para>boolean, is %t if image was successfully saved and %f if an
          error occured</para>
        </listitem>
      </varlistentry>
    </variablelist>
  </refsection>

  <refsection>
    <title>Description</title>

    <para>This function saves an image to a file. It is called by WriteImage
    so you do not need to call this function yourself.</para>
  </refsection>

  <refsection>
    <title>Examples</title>

    <programlisting role="example">TestImageData = uint8(0 : 255); // gray values of test image are generated

Dimensions = [16 16 1];

global IPD_PATH;

ImagePath = IPD_PATH + 'demos\test.png';

Success = WriteImageFile(TestImageData, Dimensions, ImagePath);</programlisting>
  </refsection>

  <refsection>
    <title>See also</title>

    <simplelist type="inline">
      <member><link linkend="ReadImage">ReadImage</link></member>

      <member><link linkend="WriteImage">WriteImage</link></member>

      <member><link linkend="ReadImageFile">ReadImageFile</link></member>

      <member><link linkend="WriteImageFile">WriteImageFile</link></member>
    </simplelist>
  </refsection>
</refentry>
